"FullName","CreationTime","LastWriteTime","LastAccessTime"
"C:\Users\gonza\AppData\Local\Temp\taller_forense_movil\CASO-2026-002\imagen_logica\DCIM\DCIM\Camera\.trashed-1787434100-IMG20260723162723.jpg","21/08/2026 3:15:41 p. m.","20/08/2026 6:48:50 a. m.","23/08/2026 2:43:35 p. m."
"C:\Users\gonza\AppData\Local\Temp\taller_forense_movil\CASO-2026-002\imagen_logica\DCIM\DCIM\Camera\2026-03-04-165143739.mp4","21/08/2026 3:15:41 p. m.","20/08/2026 6:46:50 a. m.","23/08/2026 2:01:04 p. m."
"C:\Users\gonza\AppData\Local\Temp\taller_forense_movil\CASO-2026-002\imagen_logica\DCIM\DCIM\Camera\IMG-20251207-WA0043.jpg","21/08/2026 3:15:41 p. m.","20/08/2026 6:47:24 a. m.","23/08/2026 2:01:03 p. m."
"C:\Users\gonza\AppData\Local\Temp\taller_forense_movil\CASO-2026-002\imagen_logica\DCIM\DCIM\Camera\IMG-20251207-WA0044.jpg","21/08/2026 3:15:41 p. m.","20/08/2026 6:47:24 a. m.","23/08/2026 2:01:03 p. m."
"C:\Users\gonza\AppData\Local\Temp\taller_forense_movil\CASO-2026-002\imagen_logica\DCIM\DCIM\Camera\IMG-20251207-WA0045.jpg","21/08/2026 3:15:41 p. m.","20/08/2026 6:47:24 a. m.","23/08/2026 2:01:03 p. m."
"C:\Users\gonza\AppData\Local\Temp\taller_forense_movil\CASO-2026-002\imagen_logica\DCIM\DCIM\Camera\IMG-20251207-WA0046.jpg","21/08/2026 3:15:41 p. m.","20/08/2026 6:47:24 a. m.","23/08/2026 2:01:03 p. m."
"C:\Users\gonza\AppData\Local\Temp\taller_forense_movil\CASO-2026-002\imagen_logica\DCIM\DCIM\Camera\IMG-20251207-WA0047.jpg","21/08/2026 3:15:41 p. m.","20/08/2026 6:47:24 a. m.","23/08/2026 2:01:03 p. m."
"C:\Users\gonza\AppData\Local\Temp\taller_forense_movil\CASO-2026-002\imagen_logica\DCIM\DCIM\Camera\IMG-20251207-WA0048.jpg","21/08/2026 3:15:41 p. m.","20/08/2026 6:47:24 a. m.","23/08/2026 2:01:03 p. m."
"C:\Users\gonza\AppData\Local\Temp\taller_forense_movil\CASO-2026-002\imagen_logica\DCIM\DCIM\Camera\IMG-20251207-WA0049.jpg","21/08/2026 3:15:41 p. m.","20/08/2026 6:47:24 a. m.","23/08/2026 2:01:03 p. m."
"C:\Users\gonza\AppData\Local\Temp\taller_forense_movil\CASO-2026-002\imagen_logica\DCIM\DCIM\Camera\IMG-20251207-WA0050.jpg","21/08/2026 3:15:41 p. m.","20/08/2026 6:47:20 a. m.","23/08/2026 2:01:03 p. m."
"C:\Users\gonza\AppData\Local\Temp\taller_forense_movil\CASO-2026-002\imagen_logica\DCIM\DCIM\Camera\IMG-20251207-WA0051.jpg","21/08/2026 3:15:41 p. m.","20/08/2026 6:47:24 a. m.","23/08/2026 2:01:03 p. m."
"C:\Users\gonza\AppData\Local\Temp\taller_forense_movil\CASO-2026-002\imagen_logica\DCIM\DCIM\Camera\IMG-20251207-WA0052.jpg","21/08/2026 3:15:41 p. m.","20/08/2026 6:47:24 a. m.","23/08/2026 2:01:03 p. m."
"C:\Users\gonza\AppData\Local\Temp\taller_forense_movil\CASO-2026-002\imagen_logica\DCIM\DCIM\Camera\IMG-20251207-WA0053.jpg","21/08/2026 3:15:41 p. m.","20/08/2026 6:47:20 a. m.","23/08/2026 2:01:03 p. m."
"C:\Users\gonza\AppData\Local\Temp\taller_forense_movil\CASO-2026-002\imagen_logica\DCIM\DCIM\Camera\IMG-20251207-WA0054.jpg","21/08/2026 3:15:41 p. m.","20/08/2026 6:47:20 a. m.","23/08/2026 2:01:03 p. m."
"C:\Users\gonza\AppData\Local\Temp\taller_forense_movil\CASO-2026-002\imagen_logica\DCIM\DCIM\Camera\IMG-20251207-WA0055.jpg","21/08/2026 3:15:41 p. m.","20/08/2026 6:47:20 a. m.","23/08/2026 2:01:03 p. m."
"C:\Users\gonza\AppData\Local\Temp\taller_forense_movil\CASO-2026-002\imagen_logica\DCIM\DCIM\Camera\IMG-20251207-WA0056.jpg","21/08/2026 3:15:41 p. m.","20/08/2026 6:47:20 a. m.","23/08/2026 2:01:03 p. m."
"C:\Users\gonza\AppData\Local\Temp\taller_forense_movil\CASO-2026-002\imagen_logica\DCIM\DCIM\Camera\IMG-20251207-WA0057.jpg","21/08/2026 3:15:41 p. m.","20/08/2026 6:47:20 a. m.","23/08/2026 2:01:03 p. m."
"C:\Users\gonza\AppData\Local\Temp\taller_forense_movil\CASO-2026-002\imagen_logica\DCIM\DCIM\Camera\IMG-20251207-WA0058.jpg","21/08/2026 3:15:41 p. m.","20/08/2026 6:47:20 a. m.","23/08/2026 2:01:03 p. m."
"C:\Users\gonza\AppData\Local\Temp\taller_forense_movil\CASO-2026-002\imagen_logica\DCIM\DCIM\Camera\IMG-20251207-WA0059.jpg","21/08/2026 3:15:41 p. m.","20/08/2026 6:47:24 a. m.","23/08/2026 2:01:03 p. m."
"C:\Users\gonza\AppData\Local\Temp\taller_forense_movil\CASO-2026-002\imagen_logica\DCIM\DCIM\Camera\IMG-20251207-WA0060.jpg","21/08/2026 3:15:41 p. m.","20/08/2026 6:47:20 a. m.","23/08/2026 2:01:03 p. m."
"C:\Users\gonza\AppData\Local\Temp\taller_forense_movil\CASO-2026-002\imagen_logica\DCIM\DCIM\Camera\IMG-20251207-WA0061.jpg","21/08/2026 3:15:41 p. m.","20/08/2026 6:47:20 a. m.","23/08/2026 2:01:03 p. m."
"C:\Users\gonza\AppData\Local\Temp\taller_forense_movil\CASO-2026-002\imagen_logica\DCIM\DCIM\Camera\IMG-20251207-WA0062.jpg","21/08/2026 3:15:41 p. m.","20/08/2026 6:47:20 a. m.","23/08/2026 2:01:03 p. m."
"C:\Users\gonza\AppData\Local\Temp\taller_forense_movil\CASO-2026-002\imagen_logica\DCIM\DCIM\Camera\IMG-20251207-WA0063.jpg","21/08/2026 3:15:41 p. m.","20/08/2026 6:47:24 a. m.","23/08/2026 2:01:03 p. m."
"C:\Users\gonza\AppData\Local\Temp\taller_forense_movil\CASO-2026-002\imagen_logica\DCIM\DCIM\Camera\IMG-20251207-WA0064.jpg","21/08/2026 3:15:41 p. m.","20/08/2026 6:47:24 a. m.","23/08/2026 2:01:03 p. m."
"C:\Users\gonza\AppData\Local\Temp\taller_forense_movil\CASO-2026-002\imagen_logica\DCIM\DCIM\Camera\IMG-20251207-WA0065.jpg","21/08/2026 3:15:41 p. m.","20/08/2026 6:47:24 a. m.","23/08/2026 2:01:03 p. m."
"C:\Users\gonza\AppData\Local\Temp\taller_forense_movil\CASO-2026-002\imagen_logica\DCIM\DCIM\Camera\IMG-20251207-WA0066.jpg","21/08/2026 3:15:41 p. m.","20/08/2026 6:47:20 a. m.","23/08/2026 2:01:03 p. m."
"C:\Users\gonza\AppData\Local\Temp\taller_forense_movil\CASO-2026-002\imagen_logica\DCIM\DCIM\Camera\IMG-20251207-WA0067.jpg","21/08/2026 3:15:41 p. m.","20/08/2026 6:47:24 a. m.","23/08/2026 2:01:03 p. m."
"C:\Users\gonza\AppData\Local\Temp\taller_forense_movil\CASO-2026-002\imagen_logica\DCIM\DCIM\Camera\IMG-20251207-WA0068.jpg","21/08/2026 3:15:41 p. m.","20/08/2026 6:47:24 a. m.","23/08/2026 2:01:03 p. m."
"C:\Users\gonza\AppData\Local\Temp\taller_forense_movil\CASO-2026-002\imagen_logica\DCIM\DCIM\Camera\IMG-20251207-WA0069.jpg","21/08/2026 3:15:41 p. m.","20/08/2026 6:47:20 a. m.","23/08/2026 2:27:56 p. m."
"C:\Users\gonza\AppData\Local\Temp\taller_forense_movil\CASO-2026-002\imagen_logica\DCIM\DCIM\Camera\IMG-20251207-WA0070.jpg","21/08/2026 3:15:41 p. m.","20/08/2026 6:47:24 a. m.","23/08/2026 2:43:36 p. m."
"C:\Users\gonza\AppData\Local\Temp\taller_forense_movil\CASO-2026-002\imagen_logica\DCIM\DCIM\Camera\IMG-20251207-WA0071.jpg","21/08/2026 3:15:41 p. m.","20/08/2026 6:47:20 a. m.","23/08/2026 2:43:36 p. m."
"C:\Users\gonza\AppData\Local\Temp\taller_forense_movil\CASO-2026-002\imagen_logica\DCIM\DCIM\Camera\IMG-20251207-WA0072.jpg","21/08/2026 3:15:41 p. m.","20/08/2026 6:47:20 a. m.","23/08/2026 2:43:36 p. m."
"C:\Users\gonza\AppData\Local\Temp\taller_forense_movil\CASO-2026-002\imagen_logica\DCIM\DCIM\Camera\IMG-20251207-WA0073.jpg","21/08/2026 3:15:41 p. m.","20/08/2026 6:47:24 a. m.","23/08/2026 2:43:36 p. m."
"C:\Users\gonza\AppData\Local\Temp\taller_forense_movil\CASO-2026-002\imagen_logica\DCIM\DCIM\Camera\IMG-20251207-WA0074.jpg","21/08/2026 3:15:41 p. m.","20/08/2026 6:47:24 a. m.","23/08/2026 2:43:36 p. m."
"C:\Users\gonza\AppData\Local\Temp\taller_forense_movil\CASO-2026-002\imagen_logica\DCIM\DCIM\Camera\IMG-20251207-WA0075.jpg","21/08/2026 3:15:41 p. m.","20/08/2026 6:47:20 a. m.","23/08/2026 2:43:36 p. m."
"C:\Users\gonza\AppData\Local\Temp\taller_forense_movil\CASO-2026-002\imagen_logica\DCIM\DCIM\Camera\IMG-20251207-WA0076.jpg","21/08/2026 3:15:41 p. m.","20/08/2026 6:47:24 a. m.","23/08/2026 2:43:36 p. m."
"C:\Users\gonza\AppData\Local\Temp\taller_forense_movil\CASO-2026-002\imagen_logica\DCIM\DCIM\Camera\IMG-20251207-WA0077.jpg","21/08/2026 3:15:41 p. m.","20/08/2026 6:47:24 a. m.","23/08/2026 2:43:36 p. m."
"C:\Users\gonza\AppData\Local\Temp\taller_forense_movil\CASO-2026-002\imagen_logica\DCIM\DCIM\Camera\IMG-20251207-WA0078.jpg","21/08/2026 3:15:41 p. m.","20/08/2026 6:47:20 a. m.","23/08/2026 2:43:36 p. m."
"C:\Users\gonza\AppData\Local\Temp\taller_forense_movil\CASO-2026-002\imagen_logica\DCIM\DCIM\Camera\IMG-20251207-WA0079.jpg","21/08/2026 3:15:41 p. m.","20/08/2026 6:47:24 a. m.","23/08/2026 2:43:36 p. m."
"C:\Users\gonza\AppData\Local\Temp\taller_forense_movil\CASO-2026-002\imagen_logica\DCIM\DCIM\Camera\IMG-20251207-WA0080.jpg","21/08/2026 3:15:41 p. m.","20/08/2026 6:47:24 a. m.","23/08/2026 2:43:36 p. m."
"C:\Users\gonza\AppData\Local\Temp\taller_forense_movil\CASO-2026-002\imagen_logica\DCIM\DCIM\Camera\IMG-20251207-WA0081.jpg","21/08/2026 3:15:41 p. m.","20/08/2026 6:47:24 a. m.","23/08/2026 2:43:36 p. m."
"C:\Users\gonza\AppData\Local\Temp\taller_forense_movil\CASO-2026-002\imagen_logica\DCIM\DCIM\Camera\IMG-20251207-WA0082.jpg","21/08/2026 3:15:41 p. m.","20/08/2026 6:47:20 a. m.","23/08/2026 2:43:36 p. m."
"C:\Users\gonza\AppData\Local\Temp\taller_forense_movil\CASO-2026-002\imagen_logica\DCIM\DCIM\Camera\IMG-20251207-WA0083.jpg","21/08/2026 3:15:41 p. m.","20/08/2026 6:47:20 a. m.","23/08/2026 2:43:36 p. m."
"C:\Users\gonza\AppData\Local\Temp\taller_forense_movil\CASO-2026-002\imagen_logica\DCIM\DCIM\Camera\IMG-20251207-WA0084.jpg","21/08/2026 3:15:41 p. m.","20/08/2026 6:47:24 a. m.","23/08/2026 2:43:36 p. m."
"C:\Users\gonza\AppData\Local\Temp\taller_forense_movil\CASO-2026-002\imagen_logica\DCIM\DCIM\Camera\IMG-20251207-WA0085.jpg","21/08/2026 3:15:41 p. m.","20/08/2026 6:47:24 a. m.","23/08/2026 2:43:36 p. m."
"C:\Users\gonza\AppData\Local\Temp\taller_forense_movil\CASO-2026-002\imagen_logica\DCIM\DCIM\Camera\IMG-20251207-WA0086.jpg","21/08/2026 3:15:41 p. m.","20/08/2026 6:47:24 a. m.","23/08/2026 2:43:37 p. m."
"C:\Users\gonza\AppData\Local\Temp\taller_forense_movil\CASO-2026-002\imagen_logica\DCIM\DCIM\Camera\IMG-20251207-WA0087.jpg","21/08/2026 3:15:41 p. m.","20/08/2026 6:47:20 a. m.","23/08/2026 2:43:37 p. m."
"C:\Users\gonza\AppData\Local\Temp\taller_forense_movil\CASO-2026-002\imagen_logica\DCIM\DCIM\Camera\IMG-20251207-WA0088.jpg","21/08/2026 3:15:41 p. m.","20/08/2026 6:47:20 a. m.","23/08/2026 2:43:37 p. m."
"C:\Users\gonza\AppData\Local\Temp\taller_forense_movil\CASO-2026-002\imagen_logica\DCIM\DCIM\Camera\IMG-20251207-WA0089.jpg","21/08/2026 3:15:41 p. m.","20/08/2026 6:47:24 a. m.","23/08/2026 2:43:37 p. m."
"C:\Users\gonza\AppData\Local\Temp\taller_forense_movil\CASO-2026-002\imagen_logica\DCIM\DCIM\Camera\IMG-20251207-WA0090.jpg","21/08/2026 3:15:41 p. m.","20/08/2026 6:47:20 a. m.","23/08/2026 2:43:37 p. m."
"C:\Users\gonza\AppData\Local\Temp\taller_forense_movil\CASO-2026-002\imagen_logica\DCIM\DCIM\Camera\IMG-20251207-WA0091.jpg","21/08/2026 3:15:41 p. m.","20/08/2026 6:47:24 a. m.","23/08/2026 2:43:37 p. m."
"C:\Users\gonza\AppData\Local\Temp\taller_forense_movil\CASO-2026-002\imagen_logica\DCIM\DCIM\Camera\IMG-20251207-WA0092.jpg","21/08/2026 3:15:41 p. m.","20/08/2026 6:47:24 a. m.","23/08/2026 2:43:37 p. m."
"C:\Users\gonza\AppData\Local\Temp\taller_forense_movil\CASO-2026-002\imagen_logica\DCIM\DCIM\Camera\IMG-20251207-WA0093.jpg","21/08/2026 3:15:41 p. m.","20/08/2026 6:47:20 a. m.","23/08/2026 2:43:37 p. m."
"C:\Users\gonza\AppData\Local\Temp\taller_forense_movil\CASO-2026-002\imagen_logica\DCIM\DCIM\Camera\IMG-20251207-WA0094.jpg","21/08/2026 3:15:41 p. m.","20/08/2026 6:47:20 a. m.","23/08/2026 2:43:37 p. m."
"C:\Users\gonza\AppData\Local\Temp\taller_forense_movil\CASO-2026-002\imagen_logica\DCIM\DCIM\Camera\IMG-20251207-WA0095.jpg","21/08/2026 3:15:41 p. m.","20/08/2026 6:47:24 a. m.","23/08/2026 2:43:37 p. m."
"C:\Users\gonza\AppData\Local\Temp\taller_forense_movil\CASO-2026-002\imagen_logica\DCIM\DCIM\Camera\IMG-20251207-WA0096.jpg","21/08/2026 3:15:41 p. m.","20/08/2026 6:47:20 a. m.","23/08/2026 2:43:37 p. m."
"C:\Users\gonza\AppData\Local\Temp\taller_forense_movil\CASO-2026-002\imagen_logica\DCIM\DCIM\Camera\IMG-20251207-WA0097.jpg","21/08/2026 3:15:41 p. m.","20/08/2026 6:47:20 a. m.","23/08/2026 2:43:37 p. m."
"C:\Users\gonza\AppData\Local\Temp\taller_forense_movil\CASO-2026-002\imagen_logica\DCIM\DCIM\Camera\IMG-20251207-WA0098.jpg","21/08/2026 3:15:41 p. m.","20/08/2026 6:47:20 a. m.","23/08/2026 2:43:37 p. m."
"C:\Users\gonza\AppData\Local\Temp\taller_forense_movil\CASO-2026-002\imagen_logica\DCIM\DCIM\Camera\IMG-20251207-WA0099.jpg","21/08/2026 3:15:41 p. m.","20/08/2026 6:47:20 a. m.","23/08/2026 2:43:37 p. m."
"C:\Users\gonza\AppData\Local\Temp\taller_forense_movil\CASO-2026-002\imagen_logica\DCIM\DCIM\Camera\IMG-20251207-WA0100.jpg","21/08/2026 3:15:41 p. m.","20/08/2026 6:47:20 a. m.","23/08/2026 2:43:37 p. m."
"C:\Users\gonza\AppData\Local\Temp\taller_forense_movil\CASO-2026-002\imagen_logica\DCIM\DCIM\Camera\IMG-20251207-WA0101.jpg","21/08/2026 3:15:41 p. m.","20/08/2026 6:47:20 a. m.","23/08/2026 2:43:37 p. m."
"C:\Users\gonza\AppData\Local\Temp\taller_forense_movil\CASO-2026-002\imagen_logica\DCIM\DCIM\Camera\IMG-20251207-WA0102.jpg","21/08/2026 3:15:41 p. m.","20/08/2026 6:47:20 a. m.","23/08/2026 2:43:37 p. m."
"C:\Users\gonza\AppData\Local\Temp\taller_forense_movil\CASO-2026-002\imagen_logica\DCIM\DCIM\Camera\IMG-20251207-WA0103.jpg","21/08/2026 3:15:41 p. m.","20/08/2026 6:47:20 a. m.","23/08/2026 2:43:37 p. m."
"C:\Users\gonza\AppData\Local\Temp\taller_forense_movil\CASO-2026-002\imagen_logica\DCIM\DCIM\Camera\IMG-20251207-WA0104.jpg","21/08/2026 3:15:41 p. m.","20/08/2026 6:47:20 a. m.","23/08/2026 2:43:37 p. m."
"C:\Users\gonza\AppData\Local\Temp\taller_forense_movil\CASO-2026-002\imagen_logica\DCIM\DCIM\Camera\IMG-20251207-WA0105.jpg","21/08/2026 3:15:41 p. m.","20/08/2026 6:47:20 a. m.","23/08/2026 2:43:37 p. m."
"C:\Users\gonza\AppData\Local\Temp\taller_forense_movil\CASO-2026-002\imagen_logica\DCIM\DCIM\Camera\IMG-20251207-WA0106.jpg","21/08/2026 3:15:41 p. m.","20/08/2026 6:47:20 a. m.","23/08/2026 2:43:37 p. m."
"C:\Users\gonza\AppData\Local\Temp\taller_forense_movil\CASO-2026-002\imagen_logica\DCIM\DCIM\Camera\IMG-20251207-WA0107.jpg","21/08/2026 3:15:41 p. m.","20/08/2026 6:47:20 a. m.","23/08/2026 2:43:37 p. m."
"C:\Users\gonza\AppData\Local\Temp\taller_forense_movil\CASO-2026-002\imagen_logica\DCIM\DCIM\Camera\IMG-20251207-WA0108.jpg","21/08/2026 3:15:41 p. m.","20/08/2026 6:47:19 a. m.","23/08/2026 2:43:37 p. m."
"C:\Users\gonza\AppData\Local\Temp\taller_forense_movil\CASO-2026-002\imagen_logica\DCIM\DCIM\Camera\IMG-20251207-WA0109.jpg","21/08/2026 3:15:41 p. m.","20/08/2026 6:47:19 a. m.","23/08/2026 2:43:37 p. m."
"C:\Users\gonza\AppData\Local\Temp\taller_forense_movil\CASO-2026-002\imagen_logica\DCIM\DCIM\Camera\IMG-20251207-WA0110.jpg","21/08/2026 3:15:41 p. m.","20/08/2026 6:47:19 a. m.","23/08/2026 2:43:37 p. m."
"C:\Users\gonza\AppData\Local\Temp\taller_forense_movil\CASO-2026-002\imagen_logica\DCIM\DCIM\Camera\IMG-20251207-WA0112.jpg","21/08/2026 3:15:41 p. m.","20/08/2026 6:47:21 a. m.","23/08/2026 2:43:37 p. m."
"C:\Users\gonza\AppData\Local\Temp\taller_forense_movil\CASO-2026-002\imagen_logica\DCIM\DCIM\Camera\IMG-20251207-WA0113.jpg","21/08/2026 3:15:41 p. m.","20/08/2026 6:47:25 a. m.","23/08/2026 2:43:37 p. m."
"C:\Users\gonza\AppData\Local\Temp\taller_forense_movil\CASO-2026-002\imagen_logica\DCIM\DCIM\Camera\IMG-20251207-WA0114.jpg","21/08/2026 3:15:41 p. m.","20/08/2026 6:47:21 a. m.","23/08/2026 2:43:37 p. m."
"C:\Users\gonza\AppData\Local\Temp\taller_forense_movil\CASO-2026-002\imagen_logica\DCIM\DCIM\Camera\IMG-20251207-WA0115.jpg","21/08/2026 3:15:41 p. m.","20/08/2026 6:47:25 a. m.","23/08/2026 2:43:37 p. m."
"C:\Users\gonza\AppData\Local\Temp\taller_forense_movil\CASO-2026-002\imagen_logica\DCIM\DCIM\Camera\IMG-20251207-WA0116.jpg","21/08/2026 3:15:41 p. m.","20/08/2026 6:47:21 a. m.","23/08/2026 2:43:37 p. m."
"C:\Users\gonza\AppData\Local\Temp\taller_forense_movil\CASO-2026-002\imagen_logica\DCIM\DCIM\Camera\IMG-20251207-WA0117.jpg","21/08/2026 3:15:41 p. m.","20/08/2026 6:47:25 a. m.","23/08/2026 2:43:37 p. m."
"C:\Users\gonza\AppData\Local\Temp\taller_forense_movil\CASO-2026-002\imagen_logica\DCIM\DCIM\Camera\IMG-20251207-WA0118.jpg","21/08/2026 3:15:41 p. m.","20/08/2026 6:47:21 a. m.","23/08/2026 2:43:37 p. m."
"C:\Users\gonza\AppData\Local\Temp\taller_forense_movil\CASO-2026-002\imagen_logica\DCIM\DCIM\Camera\IMG-20251207-WA0119.jpg","21/08/2026 3:15:41 p. m.","20/08/2026 6:47:25 a. m.","23/08/2026 2:43:37 p. m."
"C:\Users\gonza\AppData\Local\Temp\taller_forense_movil\CASO-2026-002\imagen_logica\DCIM\DCIM\Camera\IMG-20251207-WA0120.jpg","21/08/2026 3:15:41 p. m.","20/08/2026 6:47:25 a. m.","23/08/2026 2:43:37 p. m."
"C:\Users\gonza\AppData\Local\Temp\taller_forense_movil\CASO-2026-002\imagen_logica\DCIM\DCIM\Camera\IMG-20251207-WA0121.jpg","21/08/2026 3:15:41 p. m.","20/08/2026 6:47:25 a. m.","23/08/2026 2:43:37 p. m."
"C:\Users\gonza\AppData\Local\Temp\taller_forense_movil\CASO-2026-002\imagen_logica\DCIM\DCIM\Camera\IMG-20251207-WA0122.jpg","21/08/2026 3:15:41 p. m.","20/08/2026 6:47:25 a. m.","23/08/2026 2:43:37 p. m."
"C:\Users\gonza\AppData\Local\Temp\taller_forense_movil\CASO-2026-002\imagen_logica\DCIM\DCIM\Camera\IMG-20251207-WA0123.jpg","21/08/2026 3:15:41 p. m.","20/08/2026 6:47:21 a. m.","23/08/2026 2:43:37 p. m."
"C:\Users\gonza\AppData\Local\Temp\taller_forense_movil\CASO-2026-002\imagen_logica\DCIM\DCIM\Camera\IMG-20251207-WA0124.jpg","21/08/2026 3:15:41 p. m.","20/08/2026 6:47:25 a. m.","23/08/2026 2:43:37 p. m."
"C:\Users\gonza\AppData\Local\Temp\taller_forense_movil\CASO-2026-002\imagen_logica\DCIM\DCIM\Camera\IMG-20251207-WA0125.jpg","21/08/2026 3:15:41 p. m.","20/08/2026 6:47:25 a. m.","23/08/2026 2:43:37 p. m."
"C:\Users\gonza\AppData\Local\Temp\taller_forense_movil\CASO-2026-002\imagen_logica\DCIM\DCIM\Camera\IMG-20251207-WA0126.jpg","21/08/2026 3:15:41 p. m.","20/08/2026 6:47:21 a. m.","23/08/2026 2:43:37 p. m."
"C:\Users\gonza\AppData\Local\Temp\taller_forense_movil\CASO-2026-002\imagen_logica\DCIM\DCIM\Camera\IMG-20251207-WA0127.jpg","21/08/2026 3:15:41 p. m.","20/08/2026 6:47:25 a. m.","23/08/2026 2:43:37 p. m."
"C:\Users\gonza\AppData\Local\Temp\taller_forense_movil\CASO-2026-002\imagen_logica\DCIM\DCIM\Camera\IMG-20251207-WA0128.jpg","21/08/2026 3:15:41 p. m.","20/08/2026 6:47:21 a. m.","23/08/2026 2:43:37 p. m."
"C:\Users\gonza\AppData\Local\Temp\taller_forense_movil\CASO-2026-002\imagen_logica\DCIM\DCIM\Camera\IMG-20251207-WA0129.jpg","21/08/2026 3:15:41 p. m.","20/08/2026 6:47:21 a. m.","23/08/2026 2:43:37 p. m."
"C:\Users\gonza\AppData\Local\Temp\taller_forense_movil\CASO-2026-002\imagen_logica\DCIM\DCIM\Camera\IMG-20251207-WA0130.jpg","21/08/2026 3:15:41 p. m.","20/08/2026 6:47:25 a. m.","23/08/2026 2:43:37 p. m."
"C:\Users\gonza\AppData\Local\Temp\taller_forense_movil\CASO-2026-002\imagen_logica\DCIM\DCIM\Camera\IMG-20251207-WA0131.jpg","21/08/2026 3:15:41 p. m.","20/08/2026 6:47:21 a. m.","23/08/2026 2:43:37 p. m."
"C:\Users\gonza\AppData\Local\Temp\taller_forense_movil\CASO-2026-002\imagen_logica\DCIM\DCIM\Camera\IMG-20251207-WA0132.jpg","21/08/2026 3:15:41 p. m.","20/08/2026 6:47:21 a. m.","23/08/2026 2:43:37 p. m."
"C:\Users\gonza\AppData\Local\Temp\taller_forense_movil\CASO-2026-002\imagen_logica\DCIM\DCIM\Camera\IMG-20251207-WA0133.jpg","21/08/2026 3:15:41 p. m.","20/08/2026 6:47:21 a. m.","23/08/2026 2:43:37 p. m."
"C:\Users\gonza\AppData\Local\Temp\taller_forense_movil\CASO-2026-002\imagen_logica\DCIM\DCIM\Camera\IMG-20251207-WA0134.jpg","21/08/2026 3:15:41 p. m.","20/08/2026 6:47:21 a. m.","23/08/2026 2:43:37 p. m."
"C:\Users\gonza\AppData\Local\Temp\taller_forense_movil\CASO-2026-002\imagen_logica\DCIM\DCIM\Camera\IMG-20251207-WA0135.jpg","21/08/2026 3:15:41 p. m.","20/08/2026 6:47:21 a. m.","23/08/2026 2:43:38 p. m."
"C:\Users\gonza\AppData\Local\Temp\taller_forense_movil\CASO-2026-002\imagen_logica\DCIM\DCIM\Camera\IMG-20251207-WA0136.jpg","21/08/2026 3:15:41 p. m.","20/08/2026 6:47:21 a. m.","23/08/2026 2:43:38 p. m."
"C:\Users\gonza\AppData\Local\Temp\taller_forense_movil\CASO-2026-002\imagen_logica\DCIM\DCIM\Camera\IMG-20251207-WA0137.jpg","21/08/2026 3:15:41 p. m.","20/08/2026 6:47:21 a. m.","23/08/2026 2:43:38 p. m."
"C:\Users\gonza\AppData\Local\Temp\taller_forense_movil\CASO-2026-002\imagen_logica\DCIM\DCIM\Camera\IMG-20251207-WA0138.jpg","21/08/2026 3:15:41 p. m.","20/08/2026 6:47:25 a. m.","23/08/2026 2:43:38 p. m."
"C:\Users\gonza\AppData\Local\Temp\taller_forense_movil\CASO-2026-002\imagen_logica\DCIM\DCIM\Camera\IMG-20251207-WA0139.jpg","21/08/2026 3:15:41 p. m.","20/08/2026 6:47:21 a. m.","23/08/2026 2:43:38 p. m."
"C:\Users\gonza\AppData\Local\Temp\taller_forense_movil\CASO-2026-002\imagen_logica\DCIM\DCIM\Camera\IMG-20251207-WA0140.jpg","21/08/2026 3:15:41 p. m.","20/08/2026 6:47:25 a. m.","23/08/2026 2:43:38 p. m."
"C:\Users\gonza\AppData\Local\Temp\taller_forense_movil\CASO-2026-002\imagen_logica\DCIM\DCIM\Camera\IMG-20251207-WA0141.jpg","21/08/2026 3:15:41 p. m.","20/08/2026 6:47:21 a. m.","23/08/2026 2:43:38 p. m."
"C:\Users\gonza\AppData\Local\Temp\taller_forense_movil\CASO-2026-002\imagen_logica\DCIM\DCIM\Camera\IMG-20251207-WA0142.jpg","21/08/2026 3:15:41 p. m.","20/08/2026 6:47:21 a. m.","23/08/2026 2:43:38 p. m."
"C:\Users\gonza\AppData\Local\Temp\taller_forense_movil\CASO-2026-002\imagen_logica\DCIM\DCIM\Camera\IMG-20251207-WA0143.jpg","21/08/2026 3:15:41 p. m.","20/08/2026 6:47:21 a. m.","23/08/2026 2:43:38 p. m."
"C:\Users\gonza\AppData\Local\Temp\taller_forense_movil\CASO-2026-002\imagen_logica\DCIM\DCIM\Camera\IMG-20251207-WA0144.jpg","21/08/2026 3:15:41 p. m.","20/08/2026 6:47:25 a. m.","23/08/2026 2:43:38 p. m."
"C:\Users\gonza\AppData\Local\Temp\taller_forense_movil\CASO-2026-002\imagen_logica\DCIM\DCIM\Camera\IMG-20251207-WA0145.jpg","21/08/2026 3:15:41 p. m.","20/08/2026 6:47:21 a. m.","23/08/2026 2:43:38 p. m."
"C:\Users\gonza\AppData\Local\Temp\taller_forense_movil\CASO-2026-002\imagen_logica\DCIM\DCIM\Camera\IMG-20251207-WA0146.jpg","21/08/2026 3:15:41 p. m.","20/08/2026 6:47:21 a. m.","23/08/2026 2:43:38 p. m."
"C:\Users\gonza\AppData\Local\Temp\taller_forense_movil\CASO-2026-002\imagen_logica\DCIM\DCIM\Camera\IMG-20251207-WA0147.jpg","21/08/2026 3:15:41 p. m.","20/08/2026 6:47:21 a. m.","23/08/2026 2:43:38 p. m."
"C:\Users\gonza\AppData\Local\Temp\taller_forense_movil\CASO-2026-002\imagen_logica\DCIM\DCIM\Camera\IMG-20251207-WA0148.jpg","21/08/2026 3:15:41 p. m.","20/08/2026 6:47:21 a. m.","23/08/2026 2:43:38 p. m."
"C:\Users\gonza\AppData\Local\Temp\taller_forense_movil\CASO-2026-002\imagen_logica\DCIM\DCIM\Camera\IMG-20251207-WA0149.jpg","21/08/2026 3:15:41 p. m.","20/08/2026 6:47:25 a. m.","23/08/2026 2:43:38 p. m."
"C:\Users\gonza\AppData\Local\Temp\taller_forense_movil\CASO-2026-002\imagen_logica\DCIM\DCIM\Camera\IMG-20251207-WA0150.jpg","21/08/2026 3:15:41 p. m.","20/08/2026 6:47:25 a. m.","23/08/2026 2:43:38 p. m."
"C:\Users\gonza\AppData\Local\Temp\taller_forense_movil\CASO-2026-002\imagen_logica\DCIM\DCIM\Camera\IMG-20251207-WA0151.jpg","21/08/2026 3:15:41 p. m.","20/08/2026 6:47:21 a. m.","23/08/2026 2:43:38 p. m."
"C:\Users\gonza\AppData\Local\Temp\taller_forense_movil\CASO-2026-002\imagen_logica\DCIM\DCIM\Camera\IMG-20251207-WA0152.jpg","21/08/2026 3:15:41 p. m.","20/08/2026 6:47:21 a. m.","23/08/2026 2:43:38 p. m."
"C:\Users\gonza\AppData\Local\Temp\taller_forense_movil\CASO-2026-002\imagen_logica\DCIM\DCIM\Camera\IMG-20251207-WA0153.jpg","21/08/2026 3:15:41 p. m.","20/08/2026 6:47:21 a. m.","23/08/2026 2:43:38 p. m."
"C:\Users\gonza\AppData\Local\Temp\taller_forense_movil\CASO-2026-002\imagen_logica\DCIM\DCIM\Camera\IMG-20251207-WA0154.jpg","21/08/2026 3:15:41 p. m.","20/08/2026 6:47:25 a. m.","23/08/2026 2:43:38 p. m."
"C:\Users\gonza\AppData\Local\Temp\taller_forense_movil\CASO-2026-002\imagen_logica\DCIM\DCIM\Camera\IMG-20251207-WA0155.jpg","21/08/2026 3:15:41 p. m.","20/08/2026 6:47:25 a. m.","23/08/2026 2:43:38 p. m."
"C:\Users\gonza\AppData\Local\Temp\taller_forense_movil\CASO-2026-002\imagen_logica\DCIM\DCIM\Camera\IMG-20251207-WA0156.jpg","21/08/2026 3:15:41 p. m.","20/08/2026 6:47:21 a. m.","23/08/2026 2:43:38 p. m."
"C:\Users\gonza\AppData\Local\Temp\taller_forense_movil\CASO-2026-002\imagen_logica\DCIM\DCIM\Camera\IMG-20251207-WA0157.jpg","21/08/2026 3:15:41 p. m.","20/08/2026 6:47:25 a. m.","23/08/2026 2:43:38 p. m."
"C:\Users\gonza\AppData\Local\Temp\taller_forense_movil\CASO-2026-002\imagen_logica\DCIM\DCIM\Camera\IMG-20251207-WA0158.jpg","21/08/2026 3:15:41 p. m.","20/08/2026 6:47:25 a. m.","23/08/2026 2:43:38 p. m."
"C:\Users\gonza\AppData\Local\Temp\taller_forense_movil\CASO-2026-002\imagen_logica\DCIM\DCIM\Camera\IMG-20251207-WA0159.jpg","21/08/2026 3:15:41 p. m.","20/08/2026 6:47:21 a. m.","23/08/2026 2:43:38 p. m."
"C:\Users\gonza\AppData\Local\Temp\taller_forense_movil\CASO-2026-002\imagen_logica\DCIM\DCIM\Camera\IMG-20251207-WA0160.jpg","21/08/2026 3:15:41 p. m.","20/08/2026 6:47:25 a. m.","23/08/2026 2:43:38 p. m."
"C:\Users\gonza\AppData\Local\Temp\taller_forense_movil\CASO-2026-002\imagen_logica\DCIM\DCIM\Camera\IMG-20251207-WA0161.jpg","21/08/2026 3:15:41 p. m.","20/08/2026 6:47:25 a. m.","23/08/2026 2:43:38 p. m."
"C:\Users\gonza\AppData\Local\Temp\taller_forense_movil\CASO-2026-002\imagen_logica\DCIM\DCIM\Camera\IMG-20251207-WA0162.jpg","21/08/2026 3:15:41 p. m.","20/08/2026 6:47:25 a. m.","23/08/2026 2:43:38 p. m."
"C:\Users\gonza\AppData\Local\Temp\taller_forense_movil\CASO-2026-002\imagen_logica\DCIM\DCIM\Camera\IMG-20251207-WA0163.jpg","21/08/2026 3:15:41 p. m.","20/08/2026 6:47:25 a. m.","23/08/2026 2:43:38 p. m."
"C:\Users\gonza\AppData\Local\Temp\taller_forense_movil\CASO-2026-002\imagen_logica\DCIM\DCIM\Camera\IMG-20251207-WA0164.jpg","21/08/2026 3:15:41 p. m.","20/08/2026 6:47:25 a. m.","23/08/2026 2:43:38 p. m."
"C:\Users\gonza\AppData\Local\Temp\taller_forense_movil\CASO-2026-002\imagen_logica\DCIM\DCIM\Camera\IMG-20251207-WA0165.jpg","21/08/2026 3:15:41 p. m.","20/08/2026 6:47:21 a. m.","23/08/2026 2:43:38 p. m."
"C:\Users\gonza\AppData\Local\Temp\taller_forense_movil\CASO-2026-002\imagen_logica\DCIM\DCIM\Camera\IMG-20251207-WA0166.jpg","21/08/2026 3:15:41 p. m.","20/08/2026 6:47:21 a. m.","23/08/2026 2:43:38 p. m."
"C:\Users\gonza\AppData\Local\Temp\taller_forense_movil\CASO-2026-002\imagen_logica\DCIM\DCIM\Camera\IMG-20251207-WA0167.jpg","21/08/2026 3:15:41 p. m.","20/08/2026 6:47:25 a. m.","23/08/2026 2:43:38 p. m."
"C:\Users\gonza\AppData\Local\Temp\taller_forense_movil\CASO-2026-002\imagen_logica\DCIM\DCIM\Camera\IMG-20251207-WA0169.jpg","21/08/2026 3:15:41 p. m.","20/08/2026 6:47:25 a. m.","23/08/2026 2:43:38 p. m."
"C:\Users\gonza\AppData\Local\Temp\taller_forense_movil\CASO-2026-002\imagen_logica\DCIM\DCIM\Camera\IMG-20251207-WA0170.jpg","21/08/2026 3:15:41 p. m.","20/08/2026 6:47:25 a. m.","23/08/2026 2:43:38 p. m."
"C:\Users\gonza\AppData\Local\Temp\taller_forense_movil\CASO-2026-002\imagen_logica\DCIM\DCIM\Camera\IMG-20251207-WA0171.jpg","21/08/2026 3:15:41 p. m.","20/08/2026 6:47:25 a. m.","23/08/2026 2:43:38 p. m."
"C:\Users\gonza\AppData\Local\Temp\taller_forense_movil\CASO-2026-002\imagen_logica\DCIM\DCIM\Camera\IMG-20251207-WA0172.jpg","21/08/2026 3:15:41 p. m.","20/08/2026 6:47:25 a. m.","23/08/2026 2:43:38 p. m."
"C:\Users\gonza\AppData\Local\Temp\taller_forense_movil\CASO-2026-002\imagen_logica\DCIM\DCIM\Camera\IMG-20251207-WA0173.jpg","21/08/2026 3:15:41 p. m.","20/08/2026 6:47:25 a. m.","23/08/2026 2:43:38 p. m."
"C:\Users\gonza\AppData\Local\Temp\taller_forense_movil\CASO-2026-002\imagen_logica\DCIM\DCIM\Camera\IMG-20251207-WA0174.jpg","21/08/2026 3:15:41 p. m.","20/08/2026 6:47:21 a. m.","23/08/2026 2:43:38 p. m."
"C:\Users\gonza\AppData\Local\Temp\taller_forense_movil\CASO-2026-002\imagen_logica\DCIM\DCIM\Camera\IMG-20251207-WA0175.jpg","21/08/2026 3:15:41 p. m.","20/08/2026 6:47:25 a. m.","23/08/2026 2:43:38 p. m."
"C:\Users\gonza\AppData\Local\Temp\taller_forense_movil\CASO-2026-002\imagen_logica\DCIM\DCIM\Camera\IMG-20251207-WA0176.jpg","21/08/2026 3:15:41 p. m.","20/08/2026 6:47:25 a. m.","23/08/2026 2:43:38 p. m."
"C:\Users\gonza\AppData\Local\Temp\taller_forense_movil\CASO-2026-002\imagen_logica\DCIM\DCIM\Camera\IMG-20251207-WA0177.jpg","21/08/2026 3:15:41 p. m.","20/08/2026 6:47:21 a. m.","23/08/2026 2:43:38 p. m."
"C:\Users\gonza\AppData\Local\Temp\taller_forense_movil\CASO-2026-002\imagen_logica\DCIM\DCIM\Camera\IMG-20251207-WA0178.jpg","21/08/2026 3:15:41 p. m.","20/08/2026 6:47:21 a. m.","23/08/2026 2:43:38 p. m."
"C:\Users\gonza\AppData\Local\Temp\taller_forense_movil\CASO-2026-002\imagen_logica\DCIM\DCIM\Camera\IMG-20251207-WA0179.jpg","21/08/2026 3:15:41 p. m.","20/08/2026 6:47:21 a. m.","23/08/2026 2:43:38 p. m."
"C:\Users\gonza\AppData\Local\Temp\taller_forense_movil\CASO-2026-002\imagen_logica\DCIM\DCIM\Camera\IMG-20251207-WA0180.jpg","21/08/2026 3:15:41 p. m.","20/08/2026 6:47:21 a. m.","23/08/2026 2:43:38 p. m."
"C:\Users\gonza\AppData\Local\Temp\taller_forense_movil\CASO-2026-002\imagen_logica\DCIM\DCIM\Camera\IMG-20251207-WA0181.jpg","21/08/2026 3:15:41 p. m.","20/08/2026 6:47:21 a. m.","23/08/2026 2:43:38 p. m."
"C:\Users\gonza\AppData\Local\Temp\taller_forense_movil\CASO-2026-002\imagen_logica\DCIM\DCIM\Camera\IMG-20251207-WA0182.jpg","21/08/2026 3:15:41 p. m.","20/08/2026 6:47:25 a. m.","23/08/2026 2:43:39 p. m."
"C:\Users\gonza\AppData\Local\Temp\taller_forense_movil\CASO-2026-002\imagen_logica\DCIM\DCIM\Camera\IMG-20251207-WA0183.jpg","21/08/2026 3:15:41 p. m.","20/08/2026 6:47:25 a. m.","23/08/2026 2:43:39 p. m."
"C:\Users\gonza\AppData\Local\Temp\taller_forense_movil\CASO-2026-002\imagen_logica\DCIM\DCIM\Camera\IMG-20251207-WA0184.jpg","21/08/2026 3:15:41 p. m.","20/08/2026 6:47:25 a. m.","23/08/2026 2:43:39 p. m."
"C:\Users\gonza\AppData\Local\Temp\taller_forense_movil\CASO-2026-002\imagen_logica\DCIM\DCIM\Camera\IMG-20251207-WA0185.jpg","21/08/2026 3:15:41 p. m.","20/08/2026 6:47:21 a. m.","23/08/2026 2:43:39 p. m."
"C:\Users\gonza\AppData\Local\Temp\taller_forense_movil\CASO-2026-002\imagen_logica\DCIM\DCIM\Camera\IMG-20251207-WA0186.jpg","21/08/2026 3:15:41 p. m.","20/08/2026 6:47:25 a. m.","23/08/2026 2:43:39 p. m."
"C:\Users\gonza\AppData\Local\Temp\taller_forense_movil\CASO-2026-002\imagen_logica\DCIM\DCIM\Camera\IMG-20251207-WA0187.jpg","21/08/2026 3:15:41 p. m.","20/08/2026 6:47:21 a. m.","23/08/2026 2:43:39 p. m."
"C:\Users\gonza\AppData\Local\Temp\taller_forense_movil\CASO-2026-002\imagen_logica\DCIM\DCIM\Camera\IMG-20251207-WA0188.jpg","21/08/2026 3:15:41 p. m.","20/08/2026 6:47:21 a. m.","23/08/2026 2:43:39 p. m."
"C:\Users\gonza\AppData\Local\Temp\taller_forense_movil\CASO-2026-002\imagen_logica\DCIM\DCIM\Camera\IMG-20251207-WA0189.jpg","21/08/2026 3:15:41 p. m.","20/08/2026 6:47:25 a. m.","23/08/2026 2:43:39 p. m."
"C:\Users\gonza\AppData\Local\Temp\taller_forense_movil\CASO-2026-002\imagen_logica\DCIM\DCIM\Camera\IMG-20251207-WA0190.jpg","21/08/2026 3:15:41 p. m.","20/08/2026 6:47:21 a. m.","23/08/2026 2:43:39 p. m."
"C:\Users\gonza\AppData\Local\Temp\taller_forense_movil\CASO-2026-002\imagen_logica\DCIM\DCIM\Camera\IMG-20251207-WA0191.jpg","21/08/2026 3:15:41 p. m.","20/08/2026 6:47:21 a. m.","23/08/2026 2:43:39 p. m."
"C:\Users\gonza\AppData\Local\Temp\taller_forense_movil\CASO-2026-002\imagen_logica\DCIM\DCIM\Camera\IMG-20251207-WA0192.jpg","21/08/2026 3:15:41 p. m.","20/08/2026 6:47:25 a. m.","23/08/2026 2:43:39 p. m."
"C:\Users\gonza\AppData\Local\Temp\taller_forense_movil\CASO-2026-002\imagen_logica\DCIM\DCIM\Camera\IMG-20251207-WA0193.jpg","21/08/2026 3:15:41 p. m.","20/08/2026 6:47:21 a. m.","23/08/2026 2:43:39 p. m."
"C:\Users\gonza\AppData\Local\Temp\taller_forense_movil\CASO-2026-002\imagen_logica\DCIM\DCIM\Camera\IMG-20251207-WA0194.jpg","21/08/2026 3:15:41 p. m.","20/08/2026 6:47:20 a. m.","23/08/2026 2:43:39 p. m."
"C:\Users\gonza\AppData\Local\Temp\taller_forense_movil\CASO-2026-002\imagen_logica\DCIM\DCIM\Camera\IMG-20251207-WA0195.jpg","21/08/2026 3:15:41 p. m.","20/08/2026 6:47:21 a. m.","23/08/2026 2:43:39 p. m."
"C:\Users\gonza\AppData\Local\Temp\taller_forense_movil\CASO-2026-002\imagen_logica\DCIM\DCIM\Camera\IMG-20251207-WA0196.jpg","21/08/2026 3:15:41 p. m.","20/08/2026 6:47:21 a. m.","23/08/2026 2:43:39 p. m."
"C:\Users\gonza\AppData\Local\Temp\taller_forense_movil\CASO-2026-002\imagen_logica\DCIM\DCIM\Camera\IMG-20251207-WA0198.jpg","21/08/2026 3:15:41 p. m.","20/08/2026 6:47:24 a. m.","23/08/2026 2:43:39 p. m."
"C:\Users\gonza\AppData\Local\Temp\taller_forense_movil\CASO-2026-002\imagen_logica\DCIM\DCIM\Camera\IMG-20251207-WA0199.jpg","21/08/2026 3:15:41 p. m.","20/08/2026 6:47:21 a. m.","23/08/2026 2:43:39 p. m."
"C:\Users\gonza\AppData\Local\Temp\taller_forense_movil\CASO-2026-002\imagen_logica\DCIM\DCIM\Camera\IMG-20251207-WA0200.jpg","21/08/2026 3:15:41 p. m.","20/08/2026 6:47:24 a. m.","23/08/2026 2:43:39 p. m."
"C:\Users\gonza\AppData\Local\Temp\taller_forense_movil\CASO-2026-002\imagen_logica\DCIM\DCIM\Camera\IMG-20251207-WA0201.jpg","21/08/2026 3:15:41 p. m.","20/08/2026 6:47:21 a. m.","23/08/2026 2:43:39 p. m."
"C:\Users\gonza\AppData\Local\Temp\taller_forense_movil\CASO-2026-002\imagen_logica\DCIM\DCIM\Camera\IMG-20251207-WA0202.jpg","21/08/2026 3:15:41 p. m.","20/08/2026 6:47:24 a. m.","23/08/2026 2:43:39 p. m."
"C:\Users\gonza\AppData\Local\Temp\taller_forense_movil\CASO-2026-002\imagen_logica\DCIM\DCIM\Camera\IMG-20251207-WA0203.jpg","21/08/2026 3:15:41 p. m.","20/08/2026 6:47:24 a. m.","23/08/2026 2:43:39 p. m."
"C:\Users\gonza\AppData\Local\Temp\taller_forense_movil\CASO-2026-002\imagen_logica\DCIM\DCIM\Camera\IMG-20251207-WA0204.jpg","21/08/2026 3:15:41 p. m.","20/08/2026 6:47:21 a. m.","23/08/2026 2:43:39 p. m."
"C:\Users\gonza\AppData\Local\Temp\taller_forense_movil\CASO-2026-002\imagen_logica\DCIM\DCIM\Camera\IMG-20251207-WA0205.jpg","21/08/2026 3:15:41 p. m.","20/08/2026 6:47:24 a. m.","23/08/2026 2:43:39 p. m."
"C:\Users\gonza\AppData\Local\Temp\taller_forense_movil\CASO-2026-002\imagen_logica\DCIM\DCIM\Camera\IMG-20251207-WA0206.jpg","21/08/2026 3:15:41 p. m.","20/08/2026 6:47:24 a. m.","23/08/2026 2:43:39 p. m."
"C:\Users\gonza\AppData\Local\Temp\taller_forense_movil\CASO-2026-002\imagen_logica\DCIM\DCIM\Camera\IMG-20251207-WA0207.jpg","21/08/2026 3:15:41 p. m.","20/08/2026 6:47:20 a. m.","23/08/2026 2:43:39 p. m."
"C:\Users\gonza\AppData\Local\Temp\taller_forense_movil\CASO-2026-002\imagen_logica\DCIM\DCIM\Camera\IMG-20251207-WA0208.jpg","21/08/2026 3:15:41 p. m.","20/08/2026 6:47:20 a. m.","23/08/2026 2:43:39 p. m."
"C:\Users\gonza\AppData\Local\Temp\taller_forense_movil\CASO-2026-002\imagen_logica\DCIM\DCIM\Camera\IMG-20251207-WA0209.jpg","21/08/2026 3:15:41 p. m.","20/08/2026 6:47:20 a. m.","23/08/2026 2:43:39 p. m."
"C:\Users\gonza\AppData\Local\Temp\taller_forense_movil\CASO-2026-002\imagen_logica\DCIM\DCIM\Camera\IMG-20251207-WA0210.jpg","21/08/2026 3:15:41 p. m.","20/08/2026 6:47:24 a. m.","23/08/2026 2:43:39 p. m."
"C:\Users\gonza\AppData\Local\Temp\taller_forense_movil\CASO-2026-002\imagen_logica\DCIM\DCIM\Camera\IMG-20251207-WA0211.jpg","21/08/2026 3:15:41 p. m.","20/08/2026 6:47:24 a. m.","23/08/2026 2:43:39 p. m."
"C:\Users\gonza\AppData\Local\Temp\taller_forense_movil\CASO-2026-002\imagen_logica\DCIM\DCIM\Camera\IMG-20251207-WA0212.jpg","21/08/2026 3:15:41 p. m.","20/08/2026 6:47:24 a. m.","23/08/2026 2:43:39 p. m."
"C:\Users\gonza\AppData\Local\Temp\taller_forense_movil\CASO-2026-002\imagen_logica\DCIM\DCIM\Camera\IMG-20251207-WA0213.jpg","21/08/2026 3:15:41 p. m.","20/08/2026 6:47:20 a. m.","23/08/2026 2:43:39 p. m."
"C:\Users\gonza\AppData\Local\Temp\taller_forense_movil\CASO-2026-002\imagen_logica\DCIM\DCIM\Camera\IMG-20251207-WA0214.jpg","21/08/2026 3:15:41 p. m.","20/08/2026 6:47:24 a. m.","23/08/2026 2:43:39 p. m."
"C:\Users\gonza\AppData\Local\Temp\taller_forense_movil\CASO-2026-002\imagen_logica\DCIM\DCIM\Camera\IMG-20251207-WA0215.jpg","21/08/2026 3:15:41 p. m.","20/08/2026 6:47:24 a. m.","23/08/2026 2:43:39 p. m."
"C:\Users\gonza\AppData\Local\Temp\taller_forense_movil\CASO-2026-002\imagen_logica\DCIM\DCIM\Camera\IMG-20251207-WA0216.jpg","21/08/2026 3:15:41 p. m.","20/08/2026 6:47:24 a. m.","23/08/2026 2:43:39 p. m."
"C:\Users\gonza\AppData\Local\Temp\taller_forense_movil\CASO-2026-002\imagen_logica\DCIM\DCIM\Camera\IMG-20251207-WA0218.jpg","21/08/2026 3:15:41 p. m.","20/08/2026 6:47:20 a. m.","23/08/2026 2:43:39 p. m."
"C:\Users\gonza\AppData\Local\Temp\taller_forense_movil\CASO-2026-002\imagen_logica\DCIM\DCIM\Camera\IMG20251026085739.jpg","21/08/2026 3:15:41 p. m.","20/08/2026 6:46:53 a. m.","23/08/2026 2:43:39 p. m."
"C:\Users\gonza\AppData\Local\Temp\taller_forense_movil\CASO-2026-002\imagen_logica\DCIM\DCIM\Camera\IMG20251027161123.jpg","21/08/2026 3:15:41 p. m.","20/08/2026 6:46:50 a. m.","23/08/2026 2:43:39 p. m."
"C:\Users\gonza\AppData\Local\Temp\taller_forense_movil\CASO-2026-002\imagen_logica\DCIM\DCIM\Camera\IMG20251105172528.jpg","21/08/2026 3:15:41 p. m.","20/08/2026 6:46:54 a. m.","23/08/2026 2:43:39 p. m."
"C:\Users\gonza\AppData\Local\Temp\taller_forense_movil\CASO-2026-002\imagen_logica\DCIM\DCIM\Camera\IMG20251105172534.jpg","21/08/2026 3:15:41 p. m.","20/08/2026 6:46:54 a. m.","23/08/2026 2:43:39 p. m."
"C:\Users\gonza\AppData\Local\Temp\taller_forense_movil\CASO-2026-002\imagen_logica\DCIM\DCIM\Camera\IMG20251105172602.jpg","21/08/2026 3:15:41 p. m.","20/08/2026 6:46:54 a. m.","23/08/2026 2:43:39 p. m."
"C:\Users\gonza\AppData\Local\Temp\taller_forense_movil\CASO-2026-002\imagen_logica\DCIM\DCIM\Camera\IMG20251108101557.jpg","21/08/2026 3:15:41 p. m.","20/08/2026 6:46:54 a. m.","23/08/2026 2:43:39 p. m."
"C:\Users\gonza\AppData\Local\Temp\taller_forense_movil\CASO-2026-002\imagen_logica\DCIM\DCIM\Camera\IMG20251108101606.jpg","21/08/2026 3:15:41 p. m.","20/08/2026 6:46:54 a. m.","23/08/2026 2:43:39 p. m."
"C:\Users\gonza\AppData\Local\Temp\taller_forense_movil\CASO-2026-002\imagen_logica\DCIM\DCIM\Camera\IMG20251108113641.jpg","21/08/2026 3:15:41 p. m.","20/08/2026 6:46:54 a. m.","23/08/2026 2:43:39 p. m."
"C:\Users\gonza\AppData\Local\Temp\taller_forense_movil\CASO-2026-002\imagen_logica\DCIM\DCIM\Camera\IMG20251108132623.jpg","21/08/2026 3:15:41 p. m.","20/08/2026 6:46:55 a. m.","23/08/2026 2:43:40 p. m."
"C:\Users\gonza\AppData\Local\Temp\taller_forense_movil\CASO-2026-002\imagen_logica\DCIM\DCIM\Camera\IMG20251108132640.jpg","21/08/2026 3:15:41 p. m.","20/08/2026 6:46:55 a. m.","23/08/2026 2:43:40 p. m."
"C:\Users\gonza\AppData\Local\Temp\taller_forense_movil\CASO-2026-002\imagen_logica\DCIM\DCIM\Camera\IMG20251108141527.jpg","21/08/2026 3:15:41 p. m.","20/08/2026 6:46:57 a. m.","23/08/2026 2:43:40 p. m."
"C:\Users\gonza\AppData\Local\Temp\taller_forense_movil\CASO-2026-002\imagen_logica\DCIM\DCIM\Camera\IMG20251109123254.jpg","21/08/2026 3:15:41 p. m.","20/08/2026 6:46:57 a. m.","23/08/2026 2:43:40 p. m."
"C:\Users\gonza\AppData\Local\Temp\taller_forense_movil\CASO-2026-002\imagen_logica\DCIM\DCIM\Camera\IMG20251109123257.jpg","21/08/2026 3:15:41 p. m.","20/08/2026 6:46:57 a. m.","23/08/2026 2:43:40 p. m."
"C:\Users\gonza\AppData\Local\Temp\taller_forense_movil\CASO-2026-002\imagen_logica\DCIM\DCIM\Camera\IMG20251109125134.jpg","21/08/2026 3:15:41 p. m.","20/08/2026 6:46:57 a. m.","23/08/2026 2:43:40 p. m."
"C:\Users\gonza\AppData\Local\Temp\taller_forense_movil\CASO-2026-002\imagen_logica\DCIM\DCIM\Camera\IMG20251109125135.jpg","21/08/2026 3:15:41 p. m.","20/08/2026 6:46:57 a. m.","23/08/2026 2:43:40 p. m."
"C:\Users\gonza\AppData\Local\Temp\taller_forense_movil\CASO-2026-002\imagen_logica\DCIM\DCIM\Camera\IMG20251109125152.jpg","21/08/2026 3:15:41 p. m.","20/08/2026 6:46:57 a. m.","23/08/2026 2:43:40 p. m."
"C:\Users\gonza\AppData\Local\Temp\taller_forense_movil\CASO-2026-002\imagen_logica\DCIM\DCIM\Camera\IMG20251109125154.jpg","21/08/2026 3:15:41 p. m.","20/08/2026 6:46:57 a. m.","23/08/2026 2:43:40 p. m."
"C:\Users\gonza\AppData\Local\Temp\taller_forense_movil\CASO-2026-002\imagen_logica\DCIM\DCIM\Camera\IMG20251109130218.jpg","21/08/2026 3:15:41 p. m.","20/08/2026 6:46:57 a. m.","23/08/2026 2:43:40 p. m."
"C:\Users\gonza\AppData\Local\Temp\taller_forense_movil\CASO-2026-002\imagen_logica\DCIM\DCIM\Camera\IMG20251109130225.jpg","21/08/2026 3:15:41 p. m.","20/08/2026 6:46:57 a. m.","23/08/2026 2:43:40 p. m."
"C:\Users\gonza\AppData\Local\Temp\taller_forense_movil\CASO-2026-002\imagen_logica\DCIM\DCIM\Camera\IMG20251109130623.jpg","21/08/2026 3:15:41 p. m.","20/08/2026 6:46:57 a. m.","23/08/2026 2:43:40 p. m."
"C:\Users\gonza\AppData\Local\Temp\taller_forense_movil\CASO-2026-002\imagen_logica\DCIM\DCIM\Camera\IMG20251109130814.jpg","21/08/2026 3:15:41 p. m.","20/08/2026 6:46:58 a. m.","23/08/2026 2:43:40 p. m."
"C:\Users\gonza\AppData\Local\Temp\taller_forense_movil\CASO-2026-002\imagen_logica\DCIM\DCIM\Camera\IMG20251109130816.jpg","21/08/2026 3:15:41 p. m.","20/08/2026 6:46:58 a. m.","23/08/2026 2:43:40 p. m."
"C:\Users\gonza\AppData\Local\Temp\taller_forense_movil\CASO-2026-002\imagen_logica\DCIM\DCIM\Camera\IMG20251109130819.jpg","21/08/2026 3:15:41 p. m.","20/08/2026 6:46:58 a. m.","23/08/2026 2:43:40 p. m."
"C:\Users\gonza\AppData\Local\Temp\taller_forense_movil\CASO-2026-002\imagen_logica\DCIM\DCIM\Camera\IMG20251109130820.jpg","21/08/2026 3:15:41 p. m.","20/08/2026 6:46:58 a. m.","23/08/2026 2:43:40 p. m."
"C:\Users\gonza\AppData\Local\Temp\taller_forense_movil\CASO-2026-002\imagen_logica\DCIM\DCIM\Camera\IMG20251109131334.jpg","21/08/2026 3:15:41 p. m.","20/08/2026 6:46:54 a. m.","23/08/2026 2:43:40 p. m."
"C:\Users\gonza\AppData\Local\Temp\taller_forense_movil\CASO-2026-002\imagen_logica\DCIM\DCIM\Camera\IMG20251109131348.jpg","21/08/2026 3:15:41 p. m.","20/08/2026 6:46:58 a. m.","23/08/2026 2:43:40 p. m."
"C:\Users\gonza\AppData\Local\Temp\taller_forense_movil\CASO-2026-002\imagen_logica\DCIM\DCIM\Camera\IMG20251109131349.jpg","21/08/2026 3:15:41 p. m.","20/08/2026 6:46:58 a. m.","23/08/2026 2:43:40 p. m."
"C:\Users\gonza\AppData\Local\Temp\taller_forense_movil\CASO-2026-002\imagen_logica\DCIM\DCIM\Camera\IMG20251109131353.jpg","21/08/2026 3:15:41 p. m.","20/08/2026 6:46:58 a. m.","23/08/2026 2:43:40 p. m."
"C:\Users\gonza\AppData\Local\Temp\taller_forense_movil\CASO-2026-002\imagen_logica\DCIM\DCIM\Camera\IMG20251109131953.jpg","21/08/2026 3:15:41 p. m.","20/08/2026 6:47:10 a. m.","23/08/2026 2:43:40 p. m."
"C:\Users\gonza\AppData\Local\Temp\taller_forense_movil\CASO-2026-002\imagen_logica\DCIM\DCIM\Camera\IMG20251109135218.jpg","21/08/2026 3:15:41 p. m.","20/08/2026 6:47:15 a. m.","23/08/2026 2:43:40 p. m."
"C:\Users\gonza\AppData\Local\Temp\taller_forense_movil\CASO-2026-002\imagen_logica\DCIM\DCIM\Camera\IMG20251109135222.jpg","21/08/2026 3:15:41 p. m.","20/08/2026 6:47:15 a. m.","23/08/2026 2:43:40 p. m."
"C:\Users\gonza\AppData\Local\Temp\taller_forense_movil\CASO-2026-002\imagen_logica\DCIM\DCIM\Camera\IMG20251109145941.jpg","21/08/2026 3:15:41 p. m.","20/08/2026 6:47:15 a. m.","23/08/2026 2:43:40 p. m."
"C:\Users\gonza\AppData\Local\Temp\taller_forense_movil\CASO-2026-002\imagen_logica\DCIM\DCIM\Camera\IMG20251109145950.jpg","21/08/2026 3:15:41 p. m.","20/08/2026 6:47:15 a. m.","23/08/2026 2:43:40 p. m."
"C:\Users\gonza\AppData\Local\Temp\taller_forense_movil\CASO-2026-002\imagen_logica\DCIM\DCIM\Camera\IMG20251109150318.jpg","21/08/2026 3:15:41 p. m.","20/08/2026 6:47:15 a. m.","23/08/2026 2:43:40 p. m."
"C:\Users\gonza\AppData\Local\Temp\taller_forense_movil\CASO-2026-002\imagen_logica\DCIM\DCIM\Camera\IMG20251109150338.jpg","21/08/2026 3:15:41 p. m.","20/08/2026 6:47:15 a. m.","23/08/2026 2:43:40 p. m."
"C:\Users\gonza\AppData\Local\Temp\taller_forense_movil\CASO-2026-002\imagen_logica\DCIM\DCIM\Camera\IMG20251109150441.jpg","21/08/2026 3:15:41 p. m.","20/08/2026 6:47:15 a. m.","23/08/2026 2:43:40 p. m."
"C:\Users\gonza\AppData\Local\Temp\taller_forense_movil\CASO-2026-002\imagen_logica\DCIM\DCIM\Camera\IMG20251109150450.jpg","21/08/2026 3:15:41 p. m.","20/08/2026 6:47:16 a. m.","23/08/2026 2:43:40 p. m."
"C:\Users\gonza\AppData\Local\Temp\taller_forense_movil\CASO-2026-002\imagen_logica\DCIM\DCIM\Camera\IMG20251109152209.jpg","21/08/2026 3:15:41 p. m.","20/08/2026 6:47:16 a. m.","23/08/2026 2:43:40 p. m."
"C:\Users\gonza\AppData\Local\Temp\taller_forense_movil\CASO-2026-002\imagen_logica\DCIM\DCIM\Camera\IMG20251109152222.jpg","21/08/2026 3:15:41 p. m.","20/08/2026 6:47:16 a. m.","23/08/2026 2:43:40 p. m."
"C:\Users\gonza\AppData\Local\Temp\taller_forense_movil\CASO-2026-002\imagen_logica\DCIM\DCIM\Camera\IMG20251109152226.jpg","21/08/2026 3:15:41 p. m.","20/08/2026 6:47:16 a. m.","23/08/2026 2:43:40 p. m."
"C:\Users\gonza\AppData\Local\Temp\taller_forense_movil\CASO-2026-002\imagen_logica\DCIM\DCIM\Camera\IMG20251109152233.jpg","21/08/2026 3:15:41 p. m.","20/08/2026 6:47:16 a. m.","23/08/2026 2:43:40 p. m."
"C:\Users\gonza\AppData\Local\Temp\taller_forense_movil\CASO-2026-002\imagen_logica\DCIM\DCIM\Camera\IMG20251109152234.jpg","21/08/2026 3:15:41 p. m.","20/08/2026 6:47:16 a. m.","23/08/2026 2:43:40 p. m."
"C:\Users\gonza\AppData\Local\Temp\taller_forense_movil\CASO-2026-002\imagen_logica\DCIM\DCIM\Camera\IMG20251110171040.jpg","21/08/2026 3:15:41 p. m.","20/08/2026 6:47:16 a. m.","23/08/2026 2:43:40 p. m."
"C:\Users\gonza\AppData\Local\Temp\taller_forense_movil\CASO-2026-002\imagen_logica\DCIM\DCIM\Camera\IMG20251110171046.jpg","21/08/2026 3:15:41 p. m.","20/08/2026 6:47:16 a. m.","23/08/2026 2:43:40 p. m."
"C:\Users\gonza\AppData\Local\Temp\taller_forense_movil\CASO-2026-002\imagen_logica\DCIM\DCIM\Camera\IMG20251110192041.jpg","21/08/2026 3:15:41 p. m.","20/08/2026 6:47:16 a. m.","23/08/2026 2:43:40 p. m."
"C:\Users\gonza\AppData\Local\Temp\taller_forense_movil\CASO-2026-002\imagen_logica\DCIM\DCIM\Camera\IMG20251111155542.jpg","21/08/2026 3:15:41 p. m.","20/08/2026 6:47:17 a. m.","23/08/2026 2:43:40 p. m."
"C:\Users\gonza\AppData\Local\Temp\taller_forense_movil\CASO-2026-002\imagen_logica\DCIM\DCIM\Camera\IMG20251118171206.jpg","21/08/2026 3:15:41 p. m.","20/08/2026 6:47:17 a. m.","23/08/2026 2:43:40 p. m."
"C:\Users\gonza\AppData\Local\Temp\taller_forense_movil\CASO-2026-002\imagen_logica\DCIM\DCIM\Camera\IMG20251118171210.jpg","21/08/2026 3:15:41 p. m.","20/08/2026 6:47:17 a. m.","23/08/2026 2:43:40 p. m."
"C:\Users\gonza\AppData\Local\Temp\taller_forense_movil\CASO-2026-002\imagen_logica\DCIM\DCIM\Camera\IMG20251121123754.jpg","21/08/2026 3:15:41 p. m.","20/08/2026 6:47:17 a. m.","23/08/2026 2:43:40 p. m."
"C:\Users\gonza\AppData\Local\Temp\taller_forense_movil\CASO-2026-002\imagen_logica\DCIM\DCIM\Camera\IMG20251121123807.jpg","21/08/2026 3:15:41 p. m.","20/08/2026 6:47:17 a. m.","23/08/2026 2:43:40 p. m."
"C:\Users\gonza\AppData\Local\Temp\taller_forense_movil\CASO-2026-002\imagen_logica\DCIM\DCIM\Camera\IMG20251121123810.jpg","21/08/2026 3:15:41 p. m.","20/08/2026 6:47:17 a. m.","23/08/2026 2:43:40 p. m."
"C:\Users\gonza\AppData\Local\Temp\taller_forense_movil\CASO-2026-002\imagen_logica\DCIM\DCIM\Camera\IMG20251124095410.jpg","21/08/2026 3:15:41 p. m.","20/08/2026 6:47:17 a. m.","23/08/2026 2:43:41 p. m."
"C:\Users\gonza\AppData\Local\Temp\taller_forense_movil\CASO-2026-002\imagen_logica\DCIM\DCIM\Camera\IMG20251124095428.jpg","21/08/2026 3:15:41 p. m.","20/08/2026 6:47:17 a. m.","23/08/2026 2:43:41 p. m."
"C:\Users\gonza\AppData\Local\Temp\taller_forense_movil\CASO-2026-002\imagen_logica\DCIM\DCIM\Camera\IMG20251124095432.jpg","21/08/2026 3:15:41 p. m.","20/08/2026 6:47:18 a. m.","23/08/2026 2:43:41 p. m."
"C:\Users\gonza\AppData\Local\Temp\taller_forense_movil\CASO-2026-002\imagen_logica\DCIM\DCIM\Camera\IMG20251124095445.jpg","21/08/2026 3:15:41 p. m.","20/08/2026 6:47:18 a. m.","23/08/2026 2:43:41 p. m."
"C:\Users\gonza\AppData\Local\Temp\taller_forense_movil\CASO-2026-002\imagen_logica\DCIM\DCIM\Camera\IMG20251124095503.jpg","21/08/2026 3:15:41 p. m.","20/08/2026 6:47:18 a. m.","23/08/2026 2:43:41 p. m."
"C:\Users\gonza\AppData\Local\Temp\taller_forense_movil\CASO-2026-002\imagen_logica\DCIM\DCIM\Camera\IMG20251124095515.jpg","21/08/2026 3:15:41 p. m.","20/08/2026 6:47:18 a. m.","23/08/2026 2:43:41 p. m."
"C:\Users\gonza\AppData\Local\Temp\taller_forense_movil\CASO-2026-002\imagen_logica\DCIM\DCIM\Camera\IMG20251124095530.jpg","21/08/2026 3:15:41 p. m.","20/08/2026 6:47:18 a. m.","23/08/2026 2:43:41 p. m."
"C:\Users\gonza\AppData\Local\Temp\taller_forense_movil\CASO-2026-002\imagen_logica\DCIM\DCIM\Camera\IMG20251126082037.jpg","21/08/2026 3:15:41 p. m.","20/08/2026 6:46:58 a. m.","23/08/2026 2:43:41 p. m."
"C:\Users\gonza\AppData\Local\Temp\taller_forense_movil\CASO-2026-002\imagen_logica\DCIM\DCIM\Camera\IMG20251126082039.jpg","21/08/2026 3:15:41 p. m.","20/08/2026 6:47:17 a. m.","23/08/2026 2:43:41 p. m."
"C:\Users\gonza\AppData\Local\Temp\taller_forense_movil\CASO-2026-002\imagen_logica\DCIM\DCIM\Camera\IMG20251126082044.jpg","21/08/2026 3:15:41 p. m.","20/08/2026 6:47:18 a. m.","23/08/2026 2:43:41 p. m."
"C:\Users\gonza\AppData\Local\Temp\taller_forense_movil\CASO-2026-002\imagen_logica\DCIM\DCIM\Camera\IMG20251126082048.jpg","21/08/2026 3:15:41 p. m.","20/08/2026 6:47:18 a. m.","23/08/2026 2:43:41 p. m."
"C:\Users\gonza\AppData\Local\Temp\taller_forense_movil\CASO-2026-002\imagen_logica\DCIM\DCIM\Camera\IMG20251126082050.jpg","21/08/2026 3:15:41 p. m.","20/08/2026 6:47:18 a. m.","23/08/2026 2:43:41 p. m."
"C:\Users\gonza\AppData\Local\Temp\taller_forense_movil\CASO-2026-002\imagen_logica\DCIM\DCIM\Camera\IMG20251126082053.jpg","21/08/2026 3:15:42 p. m.","20/08/2026 6:47:18 a. m.","23/08/2026 2:43:41 p. m."
"C:\Users\gonza\AppData\Local\Temp\taller_forense_movil\CASO-2026-002\imagen_logica\DCIM\DCIM\Camera\IMG20251126082057.jpg","21/08/2026 3:15:42 p. m.","20/08/2026 6:47:18 a. m.","23/08/2026 2:43:41 p. m."
"C:\Users\gonza\AppData\Local\Temp\taller_forense_movil\CASO-2026-002\imagen_logica\DCIM\DCIM\Camera\IMG20251126122537.jpg","21/08/2026 3:15:42 p. m.","20/08/2026 6:47:19 a. m.","23/08/2026 2:43:41 p. m."
"C:\Users\gonza\AppData\Local\Temp\taller_forense_movil\CASO-2026-002\imagen_logica\DCIM\DCIM\Camera\IMG20251126131402.jpg","21/08/2026 3:15:42 p. m.","20/08/2026 6:47:19 a. m.","23/08/2026 2:43:41 p. m."
"C:\Users\gonza\AppData\Local\Temp\taller_forense_movil\CASO-2026-002\imagen_logica\DCIM\DCIM\Camera\IMG20251126142851.jpg","21/08/2026 3:15:42 p. m.","20/08/2026 6:47:19 a. m.","23/08/2026 2:43:41 p. m."
"C:\Users\gonza\AppData\Local\Temp\taller_forense_movil\CASO-2026-002\imagen_logica\DCIM\DCIM\Camera\IMG20251129142127.jpg","21/08/2026 3:15:42 p. m.","20/08/2026 6:46:52 a. m.","23/08/2026 2:43:41 p. m."
"C:\Users\gonza\AppData\Local\Temp\taller_forense_movil\CASO-2026-002\imagen_logica\DCIM\DCIM\Camera\IMG20251129142137.jpg","21/08/2026 3:15:42 p. m.","20/08/2026 6:46:52 a. m.","23/08/2026 2:43:41 p. m."
"C:\Users\gonza\AppData\Local\Temp\taller_forense_movil\CASO-2026-002\imagen_logica\DCIM\DCIM\Camera\IMG20251130202459.jpg","21/08/2026 3:15:42 p. m.","20/08/2026 6:46:54 a. m.","23/08/2026 2:43:41 p. m."
"C:\Users\gonza\AppData\Local\Temp\taller_forense_movil\CASO-2026-002\imagen_logica\DCIM\DCIM\Camera\IMG20251207185653.jpg","21/08/2026 3:15:42 p. m.","20/08/2026 6:47:21 a. m.","23/08/2026 2:43:41 p. m."
"C:\Users\gonza\AppData\Local\Temp\taller_forense_movil\CASO-2026-002\imagen_logica\DCIM\DCIM\Camera\IMG20251207185703.jpg","21/08/2026 3:15:42 p. m.","20/08/2026 6:47:25 a. m.","23/08/2026 2:43:41 p. m."
"C:\Users\gonza\AppData\Local\Temp\taller_forense_movil\CASO-2026-002\imagen_logica\DCIM\DCIM\Camera\IMG20251207185902.jpg","21/08/2026 3:15:42 p. m.","20/08/2026 6:47:25 a. m.","23/08/2026 2:43:41 p. m."
"C:\Users\gonza\AppData\Local\Temp\taller_forense_movil\CASO-2026-002\imagen_logica\DCIM\DCIM\Camera\IMG20251216150223.jpg","21/08/2026 3:15:42 p. m.","20/08/2026 6:47:26 a. m.","23/08/2026 2:43:41 p. m."
"C:\Users\gonza\AppData\Local\Temp\taller_forense_movil\CASO-2026-002\imagen_logica\DCIM\DCIM\Camera\IMG20251218185931.jpg","21/08/2026 3:15:42 p. m.","20/08/2026 6:47:21 a. m.","23/08/2026 2:43:41 p. m."
"C:\Users\gonza\AppData\Local\Temp\taller_forense_movil\CASO-2026-002\imagen_logica\DCIM\DCIM\Camera\IMG20251219142332.jpg","21/08/2026 3:15:42 p. m.","20/08/2026 6:47:22 a. m.","23/08/2026 2:43:41 p. m."
"C:\Users\gonza\AppData\Local\Temp\taller_forense_movil\CASO-2026-002\imagen_logica\DCIM\DCIM\Camera\IMG20251219142540.jpg","21/08/2026 3:15:42 p. m.","20/08/2026 6:47:22 a. m.","23/08/2026 2:43:41 p. m."
"C:\Users\gonza\AppData\Local\Temp\taller_forense_movil\CASO-2026-002\imagen_logica\DCIM\DCIM\Camera\IMG20251219154338.jpg","21/08/2026 3:15:42 p. m.","20/08/2026 6:47:22 a. m.","23/08/2026 2:43:41 p. m."
"C:\Users\gonza\AppData\Local\Temp\taller_forense_movil\CASO-2026-002\imagen_logica\DCIM\DCIM\Camera\IMG20251220082449.jpg","21/08/2026 3:15:42 p. m.","20/08/2026 6:47:26 a. m.","23/08/2026 2:43:41 p. m."
"C:\Users\gonza\AppData\Local\Temp\taller_forense_movil\CASO-2026-002\imagen_logica\DCIM\DCIM\Camera\IMG20251220082501.jpg","21/08/2026 3:15:42 p. m.","20/08/2026 6:47:22 a. m.","23/08/2026 2:43:41 p. m."
"C:\Users\gonza\AppData\Local\Temp\taller_forense_movil\CASO-2026-002\imagen_logica\DCIM\DCIM\Camera\IMG20251220082849.jpg","21/08/2026 3:15:42 p. m.","20/08/2026 6:47:26 a. m.","23/08/2026 2:43:41 p. m."
"C:\Users\gonza\AppData\Local\Temp\taller_forense_movil\CASO-2026-002\imagen_logica\DCIM\DCIM\Camera\IMG20251220162306.jpg","21/08/2026 3:15:42 p. m.","20/08/2026 6:47:22 a. m.","23/08/2026 2:43:41 p. m."
"C:\Users\gonza\AppData\Local\Temp\taller_forense_movil\CASO-2026-002\imagen_logica\DCIM\DCIM\Camera\IMG20251220162330.jpg","21/08/2026 3:15:42 p. m.","20/08/2026 6:47:22 a. m.","23/08/2026 2:43:41 p. m."
"C:\Users\gonza\AppData\Local\Temp\taller_forense_movil\CASO-2026-002\imagen_logica\DCIM\DCIM\Camera\IMG20251220162418.jpg","21/08/2026 3:15:42 p. m.","20/08/2026 6:47:22 a. m.","23/08/2026 2:43:41 p. m."
"C:\Users\gonza\AppData\Local\Temp\taller_forense_movil\CASO-2026-002\imagen_logica\DCIM\DCIM\Camera\IMG20251220162418~2.jpg","21/08/2026 3:15:42 p. m.","20/08/2026 6:47:26 a. m.","23/08/2026 2:43:41 p. m."
"C:\Users\gonza\AppData\Local\Temp\taller_forense_movil\CASO-2026-002\imagen_logica\DCIM\DCIM\Camera\IMG20251220162513.jpg","21/08/2026 3:15:42 p. m.","20/08/2026 6:47:26 a. m.","23/08/2026 2:43:41 p. m."
"C:\Users\gonza\AppData\Local\Temp\taller_forense_movil\CASO-2026-002\imagen_logica\DCIM\DCIM\Camera\IMG20251221093030.jpg","21/08/2026 3:15:42 p. m.","20/08/2026 6:47:26 a. m.","23/08/2026 2:43:41 p. m."
"C:\Users\gonza\AppData\Local\Temp\taller_forense_movil\CASO-2026-002\imagen_logica\DCIM\DCIM\Camera\IMG20251221093047.jpg","21/08/2026 3:15:42 p. m.","20/08/2026 6:47:23 a. m.","23/08/2026 2:43:41 p. m."
"C:\Users\gonza\AppData\Local\Temp\taller_forense_movil\CASO-2026-002\imagen_logica\DCIM\DCIM\Camera\IMG20251222061545.jpg","21/08/2026 3:15:42 p. m.","20/08/2026 6:47:22 a. m.","23/08/2026 2:43:41 p. m."
"C:\Users\gonza\AppData\Local\Temp\taller_forense_movil\CASO-2026-002\imagen_logica\DCIM\DCIM\Camera\IMG20251223071730.jpg","21/08/2026 3:15:42 p. m.","20/08/2026 6:47:23 a. m.","23/08/2026 2:43:41 p. m."
"C:\Users\gonza\AppData\Local\Temp\taller_forense_movil\CASO-2026-002\imagen_logica\DCIM\DCIM\Camera\IMG20251223071753.jpg","21/08/2026 3:15:42 p. m.","20/08/2026 6:47:26 a. m.","23/08/2026 2:43:42 p. m."
"C:\Users\gonza\AppData\Local\Temp\taller_forense_movil\CASO-2026-002\imagen_logica\DCIM\DCIM\Camera\IMG20251223071906.jpg","21/08/2026 3:15:42 p. m.","20/08/2026 6:47:23 a. m.","23/08/2026 2:43:42 p. m."
"C:\Users\gonza\AppData\Local\Temp\taller_forense_movil\CASO-2026-002\imagen_logica\DCIM\DCIM\Camera\IMG20251223071926.jpg","21/08/2026 3:15:42 p. m.","20/08/2026 6:47:23 a. m.","23/08/2026 2:43:42 p. m."
"C:\Users\gonza\AppData\Local\Temp\taller_forense_movil\CASO-2026-002\imagen_logica\DCIM\DCIM\Camera\IMG20251223071944.jpg","21/08/2026 3:15:42 p. m.","20/08/2026 6:47:23 a. m.","23/08/2026 2:43:42 p. m."
"C:\Users\gonza\AppData\Local\Temp\taller_forense_movil\CASO-2026-002\imagen_logica\DCIM\DCIM\Camera\IMG20251223072008.jpg","21/08/2026 3:15:42 p. m.","20/08/2026 6:47:23 a. m.","23/08/2026 2:43:42 p. m."
"C:\Users\gonza\AppData\Local\Temp\taller_forense_movil\CASO-2026-002\imagen_logica\DCIM\DCIM\Camera\IMG20251223072022.jpg","21/08/2026 3:15:42 p. m.","20/08/2026 6:47:26 a. m.","23/08/2026 2:43:42 p. m."
"C:\Users\gonza\AppData\Local\Temp\taller_forense_movil\CASO-2026-002\imagen_logica\DCIM\DCIM\Camera\IMG20251223072039.jpg","21/08/2026 3:15:42 p. m.","20/08/2026 6:47:26 a. m.","23/08/2026 2:43:42 p. m."
"C:\Users\gonza\AppData\Local\Temp\taller_forense_movil\CASO-2026-002\imagen_logica\DCIM\DCIM\Camera\IMG20251223072149.jpg","21/08/2026 3:15:42 p. m.","20/08/2026 6:47:26 a. m.","23/08/2026 2:43:42 p. m."
"C:\Users\gonza\AppData\Local\Temp\taller_forense_movil\CASO-2026-002\imagen_logica\DCIM\DCIM\Camera\IMG20251223072216.jpg","21/08/2026 3:15:42 p. m.","20/08/2026 6:47:23 a. m.","23/08/2026 2:43:42 p. m."
"C:\Users\gonza\AppData\Local\Temp\taller_forense_movil\CASO-2026-002\imagen_logica\DCIM\DCIM\Camera\IMG20251223072334.jpg","21/08/2026 3:15:42 p. m.","20/08/2026 6:47:23 a. m.","23/08/2026 2:43:42 p. m."
"C:\Users\gonza\AppData\Local\Temp\taller_forense_movil\CASO-2026-002\imagen_logica\DCIM\DCIM\Camera\IMG20251223072344.jpg","21/08/2026 3:15:42 p. m.","20/08/2026 6:47:26 a. m.","23/08/2026 2:43:42 p. m."
"C:\Users\gonza\AppData\Local\Temp\taller_forense_movil\CASO-2026-002\imagen_logica\DCIM\DCIM\Camera\IMG20251223072353.jpg","21/08/2026 3:15:42 p. m.","20/08/2026 6:47:23 a. m.","23/08/2026 2:43:42 p. m."
"C:\Users\gonza\AppData\Local\Temp\taller_forense_movil\CASO-2026-002\imagen_logica\DCIM\DCIM\Camera\IMG20251223072630.jpg","21/08/2026 3:15:42 p. m.","20/08/2026 6:47:27 a. m.","23/08/2026 2:43:42 p. m."
"C:\Users\gonza\AppData\Local\Temp\taller_forense_movil\CASO-2026-002\imagen_logica\DCIM\DCIM\Camera\IMG20251223072656.jpg","21/08/2026 3:15:42 p. m.","20/08/2026 6:47:23 a. m.","23/08/2026 2:43:42 p. m."
"C:\Users\gonza\AppData\Local\Temp\taller_forense_movil\CASO-2026-002\imagen_logica\DCIM\DCIM\Camera\IMG20251223072706.jpg","21/08/2026 3:15:42 p. m.","20/08/2026 6:47:27 a. m.","23/08/2026 2:43:42 p. m."
"C:\Users\gonza\AppData\Local\Temp\taller_forense_movil\CASO-2026-002\imagen_logica\DCIM\DCIM\Camera\IMG20251223072724.jpg","21/08/2026 3:15:42 p. m.","20/08/2026 6:47:23 a. m.","23/08/2026 2:43:42 p. m."
"C:\Users\gonza\AppData\Local\Temp\taller_forense_movil\CASO-2026-002\imagen_logica\DCIM\DCIM\Camera\IMG20251223072736.jpg","21/08/2026 3:15:42 p. m.","20/08/2026 6:47:27 a. m.","23/08/2026 2:43:42 p. m."
"C:\Users\gonza\AppData\Local\Temp\taller_forense_movil\CASO-2026-002\imagen_logica\DCIM\DCIM\Camera\IMG20251223072801.jpg","21/08/2026 3:15:42 p. m.","20/08/2026 6:47:27 a. m.","23/08/2026 2:43:42 p. m."
"C:\Users\gonza\AppData\Local\Temp\taller_forense_movil\CASO-2026-002\imagen_logica\DCIM\DCIM\Camera\IMG20251223072819.jpg","21/08/2026 3:15:42 p. m.","20/08/2026 6:47:27 a. m.","23/08/2026 2:43:42 p. m."
"C:\Users\gonza\AppData\Local\Temp\taller_forense_movil\CASO-2026-002\imagen_logica\DCIM\DCIM\Camera\IMG20251223072828.jpg","21/08/2026 3:15:42 p. m.","20/08/2026 6:47:23 a. m.","23/08/2026 2:43:42 p. m."
"C:\Users\gonza\AppData\Local\Temp\taller_forense_movil\CASO-2026-002\imagen_logica\DCIM\DCIM\Camera\IMG20251223073011.jpg","21/08/2026 3:15:42 p. m.","20/08/2026 6:47:24 a. m.","23/08/2026 2:43:42 p. m."
"C:\Users\gonza\AppData\Local\Temp\taller_forense_movil\CASO-2026-002\imagen_logica\DCIM\DCIM\Camera\IMG20251223073018.jpg","21/08/2026 3:15:42 p. m.","20/08/2026 6:47:23 a. m.","23/08/2026 2:43:42 p. m."
"C:\Users\gonza\AppData\Local\Temp\taller_forense_movil\CASO-2026-002\imagen_logica\DCIM\DCIM\Camera\IMG20251224095200.jpg","21/08/2026 3:15:42 p. m.","20/08/2026 6:47:27 a. m.","23/08/2026 2:43:42 p. m."
"C:\Users\gonza\AppData\Local\Temp\taller_forense_movil\CASO-2026-002\imagen_logica\DCIM\DCIM\Camera\IMG20251225171342.jpg","21/08/2026 3:15:42 p. m.","20/08/2026 6:47:24 a. m.","23/08/2026 2:43:42 p. m."
"C:\Users\gonza\AppData\Local\Temp\taller_forense_movil\CASO-2026-002\imagen_logica\DCIM\DCIM\Camera\IMG20251225171344.jpg","21/08/2026 3:15:42 p. m.","20/08/2026 6:47:27 a. m.","23/08/2026 2:43:42 p. m."
"C:\Users\gonza\AppData\Local\Temp\taller_forense_movil\CASO-2026-002\imagen_logica\DCIM\DCIM\Camera\IMG20251229115907.jpg","21/08/2026 3:15:42 p. m.","20/08/2026 6:46:53 a. m.","23/08/2026 2:43:42 p. m."
"C:\Users\gonza\AppData\Local\Temp\taller_forense_movil\CASO-2026-002\imagen_logica\DCIM\DCIM\Camera\IMG20251229121256.jpg","21/08/2026 3:15:42 p. m.","20/08/2026 6:46:53 a. m.","23/08/2026 2:43:42 p. m."
"C:\Users\gonza\AppData\Local\Temp\taller_forense_movil\CASO-2026-002\imagen_logica\DCIM\DCIM\Camera\IMG20251231194746.jpg","21/08/2026 3:15:42 p. m.","20/08/2026 6:47:26 a. m.","23/08/2026 2:43:42 p. m."
"C:\Users\gonza\AppData\Local\Temp\taller_forense_movil\CASO-2026-002\imagen_logica\DCIM\DCIM\Camera\IMG20251231194747.jpg","21/08/2026 3:15:42 p. m.","20/08/2026 6:47:27 a. m.","23/08/2026 2:43:42 p. m."
"C:\Users\gonza\AppData\Local\Temp\taller_forense_movil\CASO-2026-002\imagen_logica\DCIM\DCIM\Camera\IMG20260107063247.jpg","21/08/2026 3:15:42 p. m.","20/08/2026 6:47:50 a. m.","23/08/2026 2:43:42 p. m."
"C:\Users\gonza\AppData\Local\Temp\taller_forense_movil\CASO-2026-002\imagen_logica\DCIM\DCIM\Camera\IMG20260109220034.jpg","21/08/2026 3:15:42 p. m.","20/08/2026 6:47:22 a. m.","23/08/2026 2:43:42 p. m."
"C:\Users\gonza\AppData\Local\Temp\taller_forense_movil\CASO-2026-002\imagen_logica\DCIM\DCIM\Camera\IMG20260109220043.jpg","21/08/2026 3:15:42 p. m.","20/08/2026 6:48:21 a. m.","23/08/2026 2:43:42 p. m."
"C:\Users\gonza\AppData\Local\Temp\taller_forense_movil\CASO-2026-002\imagen_logica\DCIM\DCIM\Camera\IMG20260109220059.jpg","21/08/2026 3:15:42 p. m.","20/08/2026 6:47:27 a. m.","23/08/2026 2:43:42 p. m."
"C:\Users\gonza\AppData\Local\Temp\taller_forense_movil\CASO-2026-002\imagen_logica\DCIM\DCIM\Camera\IMG20260111113941.jpg","21/08/2026 3:15:42 p. m.","20/08/2026 6:47:50 a. m.","23/08/2026 2:43:43 p. m."
"C:\Users\gonza\AppData\Local\Temp\taller_forense_movil\CASO-2026-002\imagen_logica\DCIM\DCIM\Camera\IMG20260112074501.jpg","21/08/2026 3:15:42 p. m.","20/08/2026 6:47:27 a. m.","23/08/2026 2:43:43 p. m."
"C:\Users\gonza\AppData\Local\Temp\taller_forense_movil\CASO-2026-002\imagen_logica\DCIM\DCIM\Camera\IMG20260112074528.jpg","21/08/2026 3:15:42 p. m.","20/08/2026 6:48:21 a. m.","23/08/2026 2:43:43 p. m."
"C:\Users\gonza\AppData\Local\Temp\taller_forense_movil\CASO-2026-002\imagen_logica\DCIM\DCIM\Camera\IMG20260113070031.jpg","21/08/2026 3:15:42 p. m.","20/08/2026 6:47:50 a. m.","23/08/2026 2:43:43 p. m."
"C:\Users\gonza\AppData\Local\Temp\taller_forense_movil\CASO-2026-002\imagen_logica\DCIM\DCIM\Camera\IMG20260113143339.jpg","21/08/2026 3:15:42 p. m.","20/08/2026 6:47:50 a. m.","23/08/2026 2:43:43 p. m."
"C:\Users\gonza\AppData\Local\Temp\taller_forense_movil\CASO-2026-002\imagen_logica\DCIM\DCIM\Camera\IMG20260113144805.jpg","21/08/2026 3:15:42 p. m.","20/08/2026 6:48:05 a. m.","23/08/2026 2:43:43 p. m."
"C:\Users\gonza\AppData\Local\Temp\taller_forense_movil\CASO-2026-002\imagen_logica\DCIM\DCIM\Camera\IMG20260113144940.jpg","21/08/2026 3:15:42 p. m.","20/08/2026 6:48:21 a. m.","23/08/2026 2:43:43 p. m."
"C:\Users\gonza\AppData\Local\Temp\taller_forense_movil\CASO-2026-002\imagen_logica\DCIM\DCIM\Camera\IMG20260113144943.jpg","21/08/2026 3:15:42 p. m.","20/08/2026 6:48:05 a. m.","23/08/2026 2:43:43 p. m."
"C:\Users\gonza\AppData\Local\Temp\taller_forense_movil\CASO-2026-002\imagen_logica\DCIM\DCIM\Camera\IMG20260113145000.jpg","21/08/2026 3:15:42 p. m.","20/08/2026 6:48:05 a. m.","23/08/2026 2:43:43 p. m."
"C:\Users\gonza\AppData\Local\Temp\taller_forense_movil\CASO-2026-002\imagen_logica\DCIM\DCIM\Camera\IMG20260113163657.jpg","21/08/2026 3:15:42 p. m.","20/08/2026 6:47:27 a. m.","23/08/2026 2:43:43 p. m."
"C:\Users\gonza\AppData\Local\Temp\taller_forense_movil\CASO-2026-002\imagen_logica\DCIM\DCIM\Camera\IMG20260113174628.jpg","21/08/2026 3:15:42 p. m.","20/08/2026 6:47:50 a. m.","23/08/2026 2:43:43 p. m."
"C:\Users\gonza\AppData\Local\Temp\taller_forense_movil\CASO-2026-002\imagen_logica\DCIM\DCIM\Camera\IMG20260114164327.jpg","21/08/2026 3:15:42 p. m.","20/08/2026 6:47:50 a. m.","23/08/2026 2:43:43 p. m."
"C:\Users\gonza\AppData\Local\Temp\taller_forense_movil\CASO-2026-002\imagen_logica\DCIM\DCIM\Camera\IMG20260116135545.jpg","21/08/2026 3:15:42 p. m.","20/08/2026 6:48:22 a. m.","23/08/2026 2:43:43 p. m."
"C:\Users\gonza\AppData\Local\Temp\taller_forense_movil\CASO-2026-002\imagen_logica\DCIM\DCIM\Camera\IMG20260116135905.jpg","21/08/2026 3:15:42 p. m.","20/08/2026 6:48:05 a. m.","23/08/2026 2:43:43 p. m."
"C:\Users\gonza\AppData\Local\Temp\taller_forense_movil\CASO-2026-002\imagen_logica\DCIM\DCIM\Camera\IMG20260116135920.jpg","21/08/2026 3:15:42 p. m.","20/08/2026 6:48:22 a. m.","23/08/2026 2:43:43 p. m."
"C:\Users\gonza\AppData\Local\Temp\taller_forense_movil\CASO-2026-002\imagen_logica\DCIM\DCIM\Camera\IMG20260116135923.jpg","21/08/2026 3:15:42 p. m.","20/08/2026 6:47:50 a. m.","23/08/2026 2:43:43 p. m."
"C:\Users\gonza\AppData\Local\Temp\taller_forense_movil\CASO-2026-002\imagen_logica\DCIM\DCIM\Camera\IMG20260116151518.jpg","21/08/2026 3:15:42 p. m.","20/08/2026 6:47:50 a. m.","23/08/2026 2:43:43 p. m."
"C:\Users\gonza\AppData\Local\Temp\taller_forense_movil\CASO-2026-002\imagen_logica\DCIM\DCIM\Camera\IMG20260116152121.jpg","21/08/2026 3:15:42 p. m.","20/08/2026 6:48:22 a. m.","23/08/2026 2:43:43 p. m."
"C:\Users\gonza\AppData\Local\Temp\taller_forense_movil\CASO-2026-002\imagen_logica\DCIM\DCIM\Camera\IMG20260116152235.jpg","21/08/2026 3:15:42 p. m.","20/08/2026 6:48:22 a. m.","23/08/2026 2:43:43 p. m."
"C:\Users\gonza\AppData\Local\Temp\taller_forense_movil\CASO-2026-002\imagen_logica\DCIM\DCIM\Camera\IMG20260116152241.jpg","21/08/2026 3:15:42 p. m.","20/08/2026 6:48:22 a. m.","23/08/2026 2:43:43 p. m."
"C:\Users\gonza\AppData\Local\Temp\taller_forense_movil\CASO-2026-002\imagen_logica\DCIM\DCIM\Camera\IMG20260116162231.jpg","21/08/2026 3:15:42 p. m.","20/08/2026 6:47:50 a. m.","23/08/2026 2:43:43 p. m."
"C:\Users\gonza\AppData\Local\Temp\taller_forense_movil\CASO-2026-002\imagen_logica\DCIM\DCIM\Camera\IMG20260116162329.jpg","21/08/2026 3:15:42 p. m.","20/08/2026 6:47:50 a. m.","23/08/2026 2:43:43 p. m."
"C:\Users\gonza\AppData\Local\Temp\taller_forense_movil\CASO-2026-002\imagen_logica\DCIM\DCIM\Camera\IMG20260116162607.jpg","21/08/2026 3:15:42 p. m.","20/08/2026 6:48:05 a. m.","23/08/2026 2:43:43 p. m."
"C:\Users\gonza\AppData\Local\Temp\taller_forense_movil\CASO-2026-002\imagen_logica\DCIM\DCIM\Camera\IMG20260117090039.jpg","21/08/2026 3:15:42 p. m.","20/08/2026 6:48:06 a. m.","23/08/2026 2:43:43 p. m."
"C:\Users\gonza\AppData\Local\Temp\taller_forense_movil\CASO-2026-002\imagen_logica\DCIM\DCIM\Camera\IMG20260117122024.jpg","21/08/2026 3:15:42 p. m.","20/08/2026 6:48:06 a. m.","23/08/2026 2:43:43 p. m."
"C:\Users\gonza\AppData\Local\Temp\taller_forense_movil\CASO-2026-002\imagen_logica\DCIM\DCIM\Camera\IMG20260117122035.jpg","21/08/2026 3:15:42 p. m.","20/08/2026 6:47:28 a. m.","23/08/2026 2:43:43 p. m."
"C:\Users\gonza\AppData\Local\Temp\taller_forense_movil\CASO-2026-002\imagen_logica\DCIM\DCIM\Camera\IMG20260117122054.jpg","21/08/2026 3:15:42 p. m.","20/08/2026 6:47:28 a. m.","23/08/2026 2:43:43 p. m."
"C:\Users\gonza\AppData\Local\Temp\taller_forense_movil\CASO-2026-002\imagen_logica\DCIM\DCIM\Camera\IMG20260117122156.jpg","21/08/2026 3:15:42 p. m.","20/08/2026 6:48:23 a. m.","23/08/2026 2:43:43 p. m."
"C:\Users\gonza\AppData\Local\Temp\taller_forense_movil\CASO-2026-002\imagen_logica\DCIM\DCIM\Camera\IMG20260117122312.jpg","21/08/2026 3:15:42 p. m.","20/08/2026 6:47:28 a. m.","23/08/2026 2:43:43 p. m."
"C:\Users\gonza\AppData\Local\Temp\taller_forense_movil\CASO-2026-002\imagen_logica\DCIM\DCIM\Camera\IMG20260117122316.jpg","21/08/2026 3:15:42 p. m.","20/08/2026 6:47:28 a. m.","23/08/2026 2:43:43 p. m."
"C:\Users\gonza\AppData\Local\Temp\taller_forense_movil\CASO-2026-002\imagen_logica\DCIM\DCIM\Camera\IMG20260117122400.jpg","21/08/2026 3:15:42 p. m.","20/08/2026 6:47:28 a. m.","23/08/2026 2:43:43 p. m."
"C:\Users\gonza\AppData\Local\Temp\taller_forense_movil\CASO-2026-002\imagen_logica\DCIM\DCIM\Camera\IMG20260118065809.jpg","21/08/2026 3:15:42 p. m.","20/08/2026 6:48:06 a. m.","23/08/2026 2:43:43 p. m."
"C:\Users\gonza\AppData\Local\Temp\taller_forense_movil\CASO-2026-002\imagen_logica\DCIM\DCIM\Camera\IMG20260119202218.jpg","21/08/2026 3:15:42 p. m.","20/08/2026 6:48:23 a. m.","23/08/2026 2:43:44 p. m."
"C:\Users\gonza\AppData\Local\Temp\taller_forense_movil\CASO-2026-002\imagen_logica\DCIM\DCIM\Camera\IMG20260120180151.jpg","21/08/2026 3:15:42 p. m.","20/08/2026 6:48:23 a. m.","23/08/2026 2:43:44 p. m."
"C:\Users\gonza\AppData\Local\Temp\taller_forense_movil\CASO-2026-002\imagen_logica\DCIM\DCIM\Camera\IMG20260121065940.jpg","21/08/2026 3:15:42 p. m.","20/08/2026 6:48:06 a. m.","23/08/2026 2:43:44 p. m."
"C:\Users\gonza\AppData\Local\Temp\taller_forense_movil\CASO-2026-002\imagen_logica\DCIM\DCIM\Camera\IMG20260130174300.jpg","21/08/2026 3:15:42 p. m.","20/08/2026 6:46:50 a. m.","23/08/2026 2:43:44 p. m."
"C:\Users\gonza\AppData\Local\Temp\taller_forense_movil\CASO-2026-002\imagen_logica\DCIM\DCIM\Camera\IMG20260130174305.jpg","21/08/2026 3:15:42 p. m.","20/08/2026 6:46:52 a. m.","23/08/2026 2:43:44 p. m."
"C:\Users\gonza\AppData\Local\Temp\taller_forense_movil\CASO-2026-002\imagen_logica\DCIM\DCIM\Camera\IMG20260203104958.jpg","21/08/2026 3:15:42 p. m.","20/08/2026 6:47:22 a. m.","23/08/2026 2:43:44 p. m."
"C:\Users\gonza\AppData\Local\Temp\taller_forense_movil\CASO-2026-002\imagen_logica\DCIM\DCIM\Camera\IMG20260206145230.jpg","21/08/2026 3:15:42 p. m.","20/08/2026 6:48:06 a. m.","23/08/2026 2:43:44 p. m."
"C:\Users\gonza\AppData\Local\Temp\taller_forense_movil\CASO-2026-002\imagen_logica\DCIM\DCIM\Camera\IMG20260207093819.jpg","21/08/2026 3:15:42 p. m.","20/08/2026 6:47:35 a. m.","23/08/2026 2:43:44 p. m."
"C:\Users\gonza\AppData\Local\Temp\taller_forense_movil\CASO-2026-002\imagen_logica\DCIM\DCIM\Camera\IMG20260207093822.jpg","21/08/2026 3:15:42 p. m.","20/08/2026 6:48:26 a. m.","23/08/2026 2:43:44 p. m."
"C:\Users\gonza\AppData\Local\Temp\taller_forense_movil\CASO-2026-002\imagen_logica\DCIM\DCIM\Camera\IMG20260207094441.jpg","21/08/2026 3:15:42 p. m.","20/08/2026 6:48:06 a. m.","23/08/2026 2:43:44 p. m."
"C:\Users\gonza\AppData\Local\Temp\taller_forense_movil\CASO-2026-002\imagen_logica\DCIM\DCIM\Camera\IMG20260207094456.jpg","21/08/2026 3:15:42 p. m.","20/08/2026 6:48:26 a. m.","23/08/2026 2:43:44 p. m."
"C:\Users\gonza\AppData\Local\Temp\taller_forense_movil\CASO-2026-002\imagen_logica\DCIM\DCIM\Camera\IMG20260207094716.jpg","21/08/2026 3:15:42 p. m.","20/08/2026 6:47:35 a. m.","23/08/2026 2:43:44 p. m."
"C:\Users\gonza\AppData\Local\Temp\taller_forense_movil\CASO-2026-002\imagen_logica\DCIM\DCIM\Camera\IMG20260207100507.jpg","21/08/2026 3:15:42 p. m.","20/08/2026 6:47:54 a. m.","23/08/2026 2:43:44 p. m."
"C:\Users\gonza\AppData\Local\Temp\taller_forense_movil\CASO-2026-002\imagen_logica\DCIM\DCIM\Camera\IMG20260207100614.jpg","21/08/2026 3:15:42 p. m.","20/08/2026 6:47:35 a. m.","23/08/2026 2:43:44 p. m."
"C:\Users\gonza\AppData\Local\Temp\taller_forense_movil\CASO-2026-002\imagen_logica\DCIM\DCIM\Camera\IMG20260207100622.jpg","21/08/2026 3:15:42 p. m.","20/08/2026 6:48:26 a. m.","23/08/2026 2:43:44 p. m."
"C:\Users\gonza\AppData\Local\Temp\taller_forense_movil\CASO-2026-002\imagen_logica\DCIM\DCIM\Camera\IMG20260207100800.jpg","21/08/2026 3:15:42 p. m.","20/08/2026 6:47:35 a. m.","23/08/2026 2:43:44 p. m."
"C:\Users\gonza\AppData\Local\Temp\taller_forense_movil\CASO-2026-002\imagen_logica\DCIM\DCIM\Camera\IMG20260207100805.jpg","21/08/2026 3:15:42 p. m.","20/08/2026 6:48:06 a. m.","23/08/2026 2:43:44 p. m."
"C:\Users\gonza\AppData\Local\Temp\taller_forense_movil\CASO-2026-002\imagen_logica\DCIM\DCIM\Camera\IMG20260207100903.jpg","21/08/2026 3:15:42 p. m.","20/08/2026 6:47:35 a. m.","23/08/2026 2:43:44 p. m."
"C:\Users\gonza\AppData\Local\Temp\taller_forense_movil\CASO-2026-002\imagen_logica\DCIM\DCIM\Camera\IMG20260207101807.jpg","21/08/2026 3:15:42 p. m.","20/08/2026 6:48:26 a. m.","23/08/2026 2:43:44 p. m."
"C:\Users\gonza\AppData\Local\Temp\taller_forense_movil\CASO-2026-002\imagen_logica\DCIM\DCIM\Camera\IMG20260207111031.jpg","21/08/2026 3:15:42 p. m.","20/08/2026 6:48:06 a. m.","23/08/2026 2:43:44 p. m."
"C:\Users\gonza\AppData\Local\Temp\taller_forense_movil\CASO-2026-002\imagen_logica\DCIM\DCIM\Camera\IMG20260207111035.jpg","21/08/2026 3:15:42 p. m.","20/08/2026 6:47:35 a. m.","23/08/2026 2:43:44 p. m."
"C:\Users\gonza\AppData\Local\Temp\taller_forense_movil\CASO-2026-002\imagen_logica\DCIM\DCIM\Camera\IMG20260207111217.jpg","21/08/2026 3:15:42 p. m.","20/08/2026 6:48:27 a. m.","23/08/2026 2:43:44 p. m."
"C:\Users\gonza\AppData\Local\Temp\taller_forense_movil\CASO-2026-002\imagen_logica\DCIM\DCIM\Camera\IMG20260207111225.jpg","21/08/2026 3:15:42 p. m.","20/08/2026 6:47:35 a. m.","23/08/2026 2:43:44 p. m."
"C:\Users\gonza\AppData\Local\Temp\taller_forense_movil\CASO-2026-002\imagen_logica\DCIM\DCIM\Camera\IMG20260207111812.jpg","21/08/2026 3:15:42 p. m.","20/08/2026 6:48:06 a. m.","23/08/2026 2:43:44 p. m."
"C:\Users\gonza\AppData\Local\Temp\taller_forense_movil\CASO-2026-002\imagen_logica\DCIM\DCIM\Camera\IMG20260207115150.jpg","21/08/2026 3:15:42 p. m.","20/08/2026 6:47:54 a. m.","23/08/2026 2:43:44 p. m."
"C:\Users\gonza\AppData\Local\Temp\taller_forense_movil\CASO-2026-002\imagen_logica\DCIM\DCIM\Camera\IMG20260210151413.jpg","21/08/2026 3:15:42 p. m.","20/08/2026 6:47:54 a. m.","23/08/2026 2:43:44 p. m."
"C:\Users\gonza\AppData\Local\Temp\taller_forense_movil\CASO-2026-002\imagen_logica\DCIM\DCIM\Camera\IMG20260212142656.jpg","21/08/2026 3:15:42 p. m.","20/08/2026 6:47:54 a. m.","23/08/2026 2:43:44 p. m."
"C:\Users\gonza\AppData\Local\Temp\taller_forense_movil\CASO-2026-002\imagen_logica\DCIM\DCIM\Camera\IMG20260212142706.jpg","21/08/2026 3:15:42 p. m.","20/08/2026 6:47:36 a. m.","23/08/2026 2:43:44 p. m."
"C:\Users\gonza\AppData\Local\Temp\taller_forense_movil\CASO-2026-002\imagen_logica\DCIM\DCIM\Camera\IMG20260212142714.jpg","21/08/2026 3:15:42 p. m.","20/08/2026 6:47:54 a. m.","23/08/2026 2:43:44 p. m."
"C:\Users\gonza\AppData\Local\Temp\taller_forense_movil\CASO-2026-002\imagen_logica\DCIM\DCIM\Camera\IMG20260212142723.jpg","21/08/2026 3:15:42 p. m.","20/08/2026 6:48:27 a. m.","23/08/2026 2:43:44 p. m."
"C:\Users\gonza\AppData\Local\Temp\taller_forense_movil\CASO-2026-002\imagen_logica\DCIM\DCIM\Camera\IMG20260214094435.jpg","21/08/2026 3:15:42 p. m.","20/08/2026 6:48:27 a. m.","23/08/2026 2:43:44 p. m."
"C:\Users\gonza\AppData\Local\Temp\taller_forense_movil\CASO-2026-002\imagen_logica\DCIM\DCIM\Camera\IMG20260214110625.jpg","21/08/2026 3:15:42 p. m.","20/08/2026 6:48:27 a. m.","23/08/2026 2:43:45 p. m."
"C:\Users\gonza\AppData\Local\Temp\taller_forense_movil\CASO-2026-002\imagen_logica\DCIM\DCIM\Camera\IMG20260215113649.jpg","21/08/2026 3:15:42 p. m.","20/08/2026 6:47:54 a. m.","23/08/2026 2:43:45 p. m."
"C:\Users\gonza\AppData\Local\Temp\taller_forense_movil\CASO-2026-002\imagen_logica\DCIM\DCIM\Camera\IMG20260215113658.jpg","21/08/2026 3:15:42 p. m.","20/08/2026 6:47:36 a. m.","23/08/2026 2:43:45 p. m."
"C:\Users\gonza\AppData\Local\Temp\taller_forense_movil\CASO-2026-002\imagen_logica\DCIM\DCIM\Camera\IMG20260220134158.jpg","21/08/2026 3:15:42 p. m.","20/08/2026 6:47:36 a. m.","23/08/2026 2:43:45 p. m."
"C:\Users\gonza\AppData\Local\Temp\taller_forense_movil\CASO-2026-002\imagen_logica\DCIM\DCIM\Camera\IMG20260220134205.jpg","21/08/2026 3:15:42 p. m.","20/08/2026 6:48:06 a. m.","23/08/2026 2:43:45 p. m."
"C:\Users\gonza\AppData\Local\Temp\taller_forense_movil\CASO-2026-002\imagen_logica\DCIM\DCIM\Camera\IMG20260220134235.jpg","21/08/2026 3:15:42 p. m.","20/08/2026 6:48:28 a. m.","23/08/2026 2:43:45 p. m."
"C:\Users\gonza\AppData\Local\Temp\taller_forense_movil\CASO-2026-002\imagen_logica\DCIM\DCIM\Camera\IMG20260221094901.jpg","21/08/2026 3:15:42 p. m.","20/08/2026 6:48:06 a. m.","23/08/2026 2:43:45 p. m."
"C:\Users\gonza\AppData\Local\Temp\taller_forense_movil\CASO-2026-002\imagen_logica\DCIM\DCIM\Camera\IMG20260221095632.jpg","21/08/2026 3:15:42 p. m.","20/08/2026 6:48:28 a. m.","23/08/2026 2:43:45 p. m."
"C:\Users\gonza\AppData\Local\Temp\taller_forense_movil\CASO-2026-002\imagen_logica\DCIM\DCIM\Camera\IMG20260221095839.jpg","21/08/2026 3:15:42 p. m.","20/08/2026 6:48:06 a. m.","23/08/2026 2:43:45 p. m."
"C:\Users\gonza\AppData\Local\Temp\taller_forense_movil\CASO-2026-002\imagen_logica\DCIM\DCIM\Camera\IMG20260221111217.jpg","21/08/2026 3:15:42 p. m.","20/08/2026 6:48:07 a. m.","23/08/2026 2:43:45 p. m."
"C:\Users\gonza\AppData\Local\Temp\taller_forense_movil\CASO-2026-002\imagen_logica\DCIM\DCIM\Camera\IMG20260221123122.jpg","21/08/2026 3:15:42 p. m.","20/08/2026 6:48:28 a. m.","23/08/2026 2:43:45 p. m."
"C:\Users\gonza\AppData\Local\Temp\taller_forense_movil\CASO-2026-002\imagen_logica\DCIM\DCIM\Camera\IMG20260221123135.jpg","21/08/2026 3:15:42 p. m.","20/08/2026 6:48:28 a. m.","23/08/2026 2:43:45 p. m."
"C:\Users\gonza\AppData\Local\Temp\taller_forense_movil\CASO-2026-002\imagen_logica\DCIM\DCIM\Camera\IMG20260221123554.jpg","21/08/2026 3:15:42 p. m.","20/08/2026 6:47:36 a. m.","23/08/2026 2:43:45 p. m."
"C:\Users\gonza\AppData\Local\Temp\taller_forense_movil\CASO-2026-002\imagen_logica\DCIM\DCIM\Camera\IMG20260224055646.jpg","21/08/2026 3:15:42 p. m.","20/08/2026 6:47:55 a. m.","23/08/2026 2:43:45 p. m."
"C:\Users\gonza\AppData\Local\Temp\taller_forense_movil\CASO-2026-002\imagen_logica\DCIM\DCIM\Camera\IMG20260224055651.jpg","21/08/2026 3:15:42 p. m.","20/08/2026 6:47:55 a. m.","23/08/2026 2:43:45 p. m."
"C:\Users\gonza\AppData\Local\Temp\taller_forense_movil\CASO-2026-002\imagen_logica\DCIM\DCIM\Camera\IMG20260224055704.jpg","21/08/2026 3:15:42 p. m.","20/08/2026 6:47:36 a. m.","23/08/2026 2:43:45 p. m."
"C:\Users\gonza\AppData\Local\Temp\taller_forense_movil\CASO-2026-002\imagen_logica\DCIM\DCIM\Camera\IMG20260225143801.jpg","21/08/2026 3:15:42 p. m.","20/08/2026 6:48:07 a. m.","23/08/2026 2:43:45 p. m."
"C:\Users\gonza\AppData\Local\Temp\taller_forense_movil\CASO-2026-002\imagen_logica\DCIM\DCIM\Camera\IMG20260225143814.jpg","21/08/2026 3:15:42 p. m.","20/08/2026 6:48:07 a. m.","23/08/2026 2:43:45 p. m."
"C:\Users\gonza\AppData\Local\Temp\taller_forense_movil\CASO-2026-002\imagen_logica\DCIM\DCIM\Camera\IMG20260226145509.jpg","21/08/2026 3:15:42 p. m.","20/08/2026 6:47:36 a. m.","23/08/2026 2:43:45 p. m."
"C:\Users\gonza\AppData\Local\Temp\taller_forense_movil\CASO-2026-002\imagen_logica\DCIM\DCIM\Camera\IMG20260227151530.jpg","21/08/2026 3:15:42 p. m.","20/08/2026 6:47:36 a. m.","23/08/2026 2:43:45 p. m."
"C:\Users\gonza\AppData\Local\Temp\taller_forense_movil\CASO-2026-002\imagen_logica\DCIM\DCIM\Camera\IMG20260227151839.jpg","21/08/2026 3:15:42 p. m.","20/08/2026 6:48:28 a. m.","23/08/2026 2:43:45 p. m."
"C:\Users\gonza\AppData\Local\Temp\taller_forense_movil\CASO-2026-002\imagen_logica\DCIM\DCIM\Camera\IMG20260227152130.jpg","21/08/2026 3:15:42 p. m.","20/08/2026 6:47:36 a. m.","23/08/2026 2:43:45 p. m."
"C:\Users\gonza\AppData\Local\Temp\taller_forense_movil\CASO-2026-002\imagen_logica\DCIM\DCIM\Camera\IMG20260227152219.jpg","21/08/2026 3:15:42 p. m.","20/08/2026 6:47:55 a. m.","23/08/2026 2:43:45 p. m."
"C:\Users\gonza\AppData\Local\Temp\taller_forense_movil\CASO-2026-002\imagen_logica\DCIM\DCIM\Camera\IMG20260227152320.jpg","21/08/2026 3:15:42 p. m.","20/08/2026 6:48:28 a. m.","23/08/2026 2:43:45 p. m."
"C:\Users\gonza\AppData\Local\Temp\taller_forense_movil\CASO-2026-002\imagen_logica\DCIM\DCIM\Camera\IMG20260227152444.jpg","21/08/2026 3:15:42 p. m.","20/08/2026 6:48:28 a. m.","23/08/2026 2:43:45 p. m."
"C:\Users\gonza\AppData\Local\Temp\taller_forense_movil\CASO-2026-002\imagen_logica\DCIM\DCIM\Camera\IMG20260227152812.jpg","21/08/2026 3:15:42 p. m.","20/08/2026 6:47:55 a. m.","23/08/2026 2:43:45 p. m."
"C:\Users\gonza\AppData\Local\Temp\taller_forense_movil\CASO-2026-002\imagen_logica\DCIM\DCIM\Camera\IMG20260227152942.jpg","21/08/2026 3:15:42 p. m.","20/08/2026 6:47:55 a. m.","23/08/2026 2:43:45 p. m."
"C:\Users\gonza\AppData\Local\Temp\taller_forense_movil\CASO-2026-002\imagen_logica\DCIM\DCIM\Camera\IMG20260227152950.jpg","21/08/2026 3:15:42 p. m.","20/08/2026 6:48:28 a. m.","23/08/2026 2:43:45 p. m."
"C:\Users\gonza\AppData\Local\Temp\taller_forense_movil\CASO-2026-002\imagen_logica\DCIM\DCIM\Camera\IMG20260227153319.jpg","21/08/2026 3:15:42 p. m.","20/08/2026 6:47:36 a. m.","23/08/2026 2:43:45 p. m."
"C:\Users\gonza\AppData\Local\Temp\taller_forense_movil\CASO-2026-002\imagen_logica\DCIM\DCIM\Camera\IMG20260227153417.jpg","21/08/2026 3:15:42 p. m.","20/08/2026 6:48:07 a. m.","23/08/2026 2:43:45 p. m."
"C:\Users\gonza\AppData\Local\Temp\taller_forense_movil\CASO-2026-002\imagen_logica\DCIM\DCIM\Camera\IMG20260227153459.jpg","21/08/2026 3:15:42 p. m.","20/08/2026 6:48:07 a. m.","23/08/2026 2:43:45 p. m."
"C:\Users\gonza\AppData\Local\Temp\taller_forense_movil\CASO-2026-002\imagen_logica\DCIM\DCIM\Camera\IMG20260227153520.jpg","21/08/2026 3:15:42 p. m.","20/08/2026 6:47:36 a. m.","23/08/2026 2:43:45 p. m."
"C:\Users\gonza\AppData\Local\Temp\taller_forense_movil\CASO-2026-002\imagen_logica\DCIM\DCIM\Camera\IMG20260227153558.jpg","21/08/2026 3:15:42 p. m.","20/08/2026 6:48:28 a. m.","23/08/2026 2:43:45 p. m."
"C:\Users\gonza\AppData\Local\Temp\taller_forense_movil\CASO-2026-002\imagen_logica\DCIM\DCIM\Camera\IMG20260227154932.jpg","21/08/2026 3:15:42 p. m.","20/08/2026 6:47:36 a. m.","23/08/2026 2:43:46 p. m."
"C:\Users\gonza\AppData\Local\Temp\taller_forense_movil\CASO-2026-002\imagen_logica\DCIM\DCIM\Camera\IMG20260227155048.jpg","21/08/2026 3:15:42 p. m.","20/08/2026 6:48:28 a. m.","23/08/2026 2:43:46 p. m."
"C:\Users\gonza\AppData\Local\Temp\taller_forense_movil\CASO-2026-002\imagen_logica\DCIM\DCIM\Camera\IMG20260227155159.jpg","21/08/2026 3:15:42 p. m.","20/08/2026 6:47:55 a. m.","23/08/2026 2:43:46 p. m."
"C:\Users\gonza\AppData\Local\Temp\taller_forense_movil\CASO-2026-002\imagen_logica\DCIM\DCIM\Camera\IMG20260227155427.jpg","21/08/2026 3:15:42 p. m.","20/08/2026 6:48:28 a. m.","23/08/2026 2:43:46 p. m."
"C:\Users\gonza\AppData\Local\Temp\taller_forense_movil\CASO-2026-002\imagen_logica\DCIM\DCIM\Camera\IMG20260227155445.jpg","21/08/2026 3:15:42 p. m.","20/08/2026 6:48:28 a. m.","23/08/2026 2:43:46 p. m."
"C:\Users\gonza\AppData\Local\Temp\taller_forense_movil\CASO-2026-002\imagen_logica\DCIM\DCIM\Camera\IMG20260227155511.jpg","21/08/2026 3:15:42 p. m.","20/08/2026 6:48:28 a. m.","23/08/2026 2:43:46 p. m."
"C:\Users\gonza\AppData\Local\Temp\taller_forense_movil\CASO-2026-002\imagen_logica\DCIM\DCIM\Camera\IMG20260227155527.jpg","21/08/2026 3:15:42 p. m.","20/08/2026 6:47:36 a. m.","23/08/2026 2:43:46 p. m."
"C:\Users\gonza\AppData\Local\Temp\taller_forense_movil\CASO-2026-002\imagen_logica\DCIM\DCIM\Camera\IMG20260227155529.jpg","21/08/2026 3:15:42 p. m.","20/08/2026 6:47:36 a. m.","23/08/2026 2:43:46 p. m."
"C:\Users\gonza\AppData\Local\Temp\taller_forense_movil\CASO-2026-002\imagen_logica\DCIM\DCIM\Camera\IMG20260227155544.jpg","21/08/2026 3:15:42 p. m.","20/08/2026 6:48:07 a. m.","23/08/2026 2:43:46 p. m."
"C:\Users\gonza\AppData\Local\Temp\taller_forense_movil\CASO-2026-002\imagen_logica\DCIM\DCIM\Camera\IMG20260227155554.jpg","21/08/2026 3:15:42 p. m.","20/08/2026 6:48:28 a. m.","23/08/2026 2:43:46 p. m."
"C:\Users\gonza\AppData\Local\Temp\taller_forense_movil\CASO-2026-002\imagen_logica\DCIM\DCIM\Camera\IMG20260227155608.jpg","21/08/2026 3:15:42 p. m.","20/08/2026 6:48:07 a. m.","23/08/2026 2:43:46 p. m."
"C:\Users\gonza\AppData\Local\Temp\taller_forense_movil\CASO-2026-002\imagen_logica\DCIM\DCIM\Camera\IMG20260227160225.jpg","21/08/2026 3:15:42 p. m.","20/08/2026 6:48:07 a. m.","23/08/2026 2:43:46 p. m."
"C:\Users\gonza\AppData\Local\Temp\taller_forense_movil\CASO-2026-002\imagen_logica\DCIM\DCIM\Camera\IMG20260227160350.jpg","21/08/2026 3:15:42 p. m.","20/08/2026 6:48:07 a. m.","23/08/2026 2:43:46 p. m."
"C:\Users\gonza\AppData\Local\Temp\taller_forense_movil\CASO-2026-002\imagen_logica\DCIM\DCIM\Camera\IMG20260227160547.jpg","21/08/2026 3:15:42 p. m.","20/08/2026 6:47:37 a. m.","23/08/2026 2:43:46 p. m."
"C:\Users\gonza\AppData\Local\Temp\taller_forense_movil\CASO-2026-002\imagen_logica\DCIM\DCIM\Camera\IMG20260228112310.jpg","21/08/2026 3:15:42 p. m.","20/08/2026 6:48:07 a. m.","23/08/2026 2:43:46 p. m."
"C:\Users\gonza\AppData\Local\Temp\taller_forense_movil\CASO-2026-002\imagen_logica\DCIM\DCIM\Camera\IMG20260304161929.jpg","21/08/2026 3:15:42 p. m.","20/08/2026 6:47:55 a. m.","23/08/2026 2:43:46 p. m."
"C:\Users\gonza\AppData\Local\Temp\taller_forense_movil\CASO-2026-002\imagen_logica\DCIM\DCIM\Camera\IMG20260305140103.jpg","21/08/2026 3:15:42 p. m.","20/08/2026 6:48:29 a. m.","23/08/2026 2:43:46 p. m."
"C:\Users\gonza\AppData\Local\Temp\taller_forense_movil\CASO-2026-002\imagen_logica\DCIM\DCIM\Camera\IMG20260306133705.jpg","21/08/2026 3:15:42 p. m.","20/08/2026 6:47:55 a. m.","23/08/2026 2:43:46 p. m."
"C:\Users\gonza\AppData\Local\Temp\taller_forense_movil\CASO-2026-002\imagen_logica\DCIM\DCIM\Camera\IMG20260306133711.jpg","21/08/2026 3:15:42 p. m.","20/08/2026 6:48:29 a. m.","23/08/2026 2:43:46 p. m."
"C:\Users\gonza\AppData\Local\Temp\taller_forense_movil\CASO-2026-002\imagen_logica\DCIM\DCIM\Camera\IMG20260306151607.jpg","21/08/2026 3:15:42 p. m.","20/08/2026 6:47:37 a. m.","23/08/2026 2:43:46 p. m."
"C:\Users\gonza\AppData\Local\Temp\taller_forense_movil\CASO-2026-002\imagen_logica\DCIM\DCIM\Camera\IMG20260306152036.jpg","21/08/2026 3:15:42 p. m.","20/08/2026 6:47:37 a. m.","23/08/2026 2:43:46 p. m."
"C:\Users\gonza\AppData\Local\Temp\taller_forense_movil\CASO-2026-002\imagen_logica\DCIM\DCIM\Camera\IMG20260306152107.jpg","21/08/2026 3:15:42 p. m.","20/08/2026 6:47:37 a. m.","23/08/2026 2:43:46 p. m."
"C:\Users\gonza\AppData\Local\Temp\taller_forense_movil\CASO-2026-002\imagen_logica\DCIM\DCIM\Camera\IMG20260306152438.jpg","21/08/2026 3:15:42 p. m.","20/08/2026 6:47:37 a. m.","23/08/2026 2:43:46 p. m."
"C:\Users\gonza\AppData\Local\Temp\taller_forense_movil\CASO-2026-002\imagen_logica\DCIM\DCIM\Camera\IMG20260306153440.jpg","21/08/2026 3:15:42 p. m.","20/08/2026 6:47:37 a. m.","23/08/2026 2:43:46 p. m."
"C:\Users\gonza\AppData\Local\Temp\taller_forense_movil\CASO-2026-002\imagen_logica\DCIM\DCIM\Camera\IMG20260306153518.jpg","21/08/2026 3:15:42 p. m.","20/08/2026 6:47:56 a. m.","23/08/2026 2:43:46 p. m."
"C:\Users\gonza\AppData\Local\Temp\taller_forense_movil\CASO-2026-002\imagen_logica\DCIM\DCIM\Camera\IMG20260306154057.jpg","21/08/2026 3:15:42 p. m.","20/08/2026 6:48:29 a. m.","23/08/2026 2:43:46 p. m."
"C:\Users\gonza\AppData\Local\Temp\taller_forense_movil\CASO-2026-002\imagen_logica\DCIM\DCIM\Camera\IMG20260306154251.jpg","21/08/2026 3:15:42 p. m.","20/08/2026 6:48:29 a. m.","23/08/2026 2:43:46 p. m."
"C:\Users\gonza\AppData\Local\Temp\taller_forense_movil\CASO-2026-002\imagen_logica\DCIM\DCIM\Camera\IMG20260306154319.jpg","21/08/2026 3:15:42 p. m.","20/08/2026 6:48:29 a. m.","23/08/2026 2:43:46 p. m."
"C:\Users\gonza\AppData\Local\Temp\taller_forense_movil\CASO-2026-002\imagen_logica\DCIM\DCIM\Camera\IMG20260306154346.jpg","21/08/2026 3:15:42 p. m.","20/08/2026 6:47:37 a. m.","23/08/2026 2:43:46 p. m."
"C:\Users\gonza\AppData\Local\Temp\taller_forense_movil\CASO-2026-002\imagen_logica\DCIM\DCIM\Camera\IMG20260306154407.jpg","21/08/2026 3:15:42 p. m.","20/08/2026 6:48:07 a. m.","23/08/2026 2:43:46 p. m."
"C:\Users\gonza\AppData\Local\Temp\taller_forense_movil\CASO-2026-002\imagen_logica\DCIM\DCIM\Camera\IMG20260306154835.jpg","21/08/2026 3:15:42 p. m.","20/08/2026 6:47:37 a. m.","23/08/2026 2:43:46 p. m."
"C:\Users\gonza\AppData\Local\Temp\taller_forense_movil\CASO-2026-002\imagen_logica\DCIM\DCIM\Camera\IMG20260306155135.jpg","21/08/2026 3:15:42 p. m.","20/08/2026 6:48:29 a. m.","23/08/2026 2:43:46 p. m."
"C:\Users\gonza\AppData\Local\Temp\taller_forense_movil\CASO-2026-002\imagen_logica\DCIM\DCIM\Camera\IMG20260306155427.jpg","21/08/2026 3:15:42 p. m.","20/08/2026 6:48:29 a. m.","23/08/2026 2:43:46 p. m."
"C:\Users\gonza\AppData\Local\Temp\taller_forense_movil\CASO-2026-002\imagen_logica\DCIM\DCIM\Camera\IMG20260306155523.jpg","21/08/2026 3:15:42 p. m.","20/08/2026 6:47:37 a. m.","23/08/2026 2:43:47 p. m."
"C:\Users\gonza\AppData\Local\Temp\taller_forense_movil\CASO-2026-002\imagen_logica\DCIM\DCIM\Camera\IMG20260306160113.jpg","21/08/2026 3:15:42 p. m.","20/08/2026 6:47:37 a. m.","23/08/2026 2:43:47 p. m."
"C:\Users\gonza\AppData\Local\Temp\taller_forense_movil\CASO-2026-002\imagen_logica\DCIM\DCIM\Camera\IMG20260306160232.jpg","21/08/2026 3:15:42 p. m.","20/08/2026 6:48:29 a. m.","23/08/2026 2:43:47 p. m."
"C:\Users\gonza\AppData\Local\Temp\taller_forense_movil\CASO-2026-002\imagen_logica\DCIM\DCIM\Camera\IMG20260307092525.jpg","21/08/2026 3:15:42 p. m.","20/08/2026 6:48:29 a. m.","23/08/2026 2:43:47 p. m."
"C:\Users\gonza\AppData\Local\Temp\taller_forense_movil\CASO-2026-002\imagen_logica\DCIM\DCIM\Camera\IMG20260307092530.jpg","21/08/2026 3:15:42 p. m.","20/08/2026 6:47:56 a. m.","23/08/2026 2:43:47 p. m."
"C:\Users\gonza\AppData\Local\Temp\taller_forense_movil\CASO-2026-002\imagen_logica\DCIM\DCIM\Camera\IMG20260307092708.jpg","21/08/2026 3:15:42 p. m.","20/08/2026 6:48:29 a. m.","23/08/2026 2:43:47 p. m."
"C:\Users\gonza\AppData\Local\Temp\taller_forense_movil\CASO-2026-002\imagen_logica\DCIM\DCIM\Camera\IMG20260307092846.jpg","21/08/2026 3:15:42 p. m.","20/08/2026 6:48:29 a. m.","23/08/2026 2:43:47 p. m."
"C:\Users\gonza\AppData\Local\Temp\taller_forense_movil\CASO-2026-002\imagen_logica\DCIM\DCIM\Camera\IMG20260307093823.jpg","21/08/2026 3:15:42 p. m.","20/08/2026 6:47:37 a. m.","23/08/2026 2:43:47 p. m."
"C:\Users\gonza\AppData\Local\Temp\taller_forense_movil\CASO-2026-002\imagen_logica\DCIM\DCIM\Camera\IMG20260307093858.jpg","21/08/2026 3:15:42 p. m.","20/08/2026 6:47:37 a. m.","23/08/2026 2:43:47 p. m."
"C:\Users\gonza\AppData\Local\Temp\taller_forense_movil\CASO-2026-002\imagen_logica\DCIM\DCIM\Camera\IMG20260307094037.jpg","21/08/2026 3:15:42 p. m.","20/08/2026 6:47:56 a. m.","23/08/2026 2:43:47 p. m."
"C:\Users\gonza\AppData\Local\Temp\taller_forense_movil\CASO-2026-002\imagen_logica\DCIM\DCIM\Camera\IMG20260307094337.jpg","21/08/2026 3:15:42 p. m.","20/08/2026 6:48:29 a. m.","23/08/2026 2:43:47 p. m."
"C:\Users\gonza\AppData\Local\Temp\taller_forense_movil\CASO-2026-002\imagen_logica\DCIM\DCIM\Camera\IMG20260307094611.jpg","21/08/2026 3:15:42 p. m.","20/08/2026 6:47:56 a. m.","23/08/2026 2:43:47 p. m."
"C:\Users\gonza\AppData\Local\Temp\taller_forense_movil\CASO-2026-002\imagen_logica\DCIM\DCIM\Camera\IMG20260307095222.jpg","21/08/2026 3:15:42 p. m.","20/08/2026 6:48:07 a. m.","23/08/2026 2:43:47 p. m."
"C:\Users\gonza\AppData\Local\Temp\taller_forense_movil\CASO-2026-002\imagen_logica\DCIM\DCIM\Camera\IMG20260307095223.jpg","21/08/2026 3:15:42 p. m.","20/08/2026 6:47:56 a. m.","23/08/2026 2:43:47 p. m."
"C:\Users\gonza\AppData\Local\Temp\taller_forense_movil\CASO-2026-002\imagen_logica\DCIM\DCIM\Camera\IMG20260307095228.jpg","21/08/2026 3:15:42 p. m.","20/08/2026 6:47:37 a. m.","23/08/2026 2:43:47 p. m."
"C:\Users\gonza\AppData\Local\Temp\taller_forense_movil\CASO-2026-002\imagen_logica\DCIM\DCIM\Camera\IMG20260307095441.jpg","21/08/2026 3:15:42 p. m.","20/08/2026 6:48:30 a. m.","23/08/2026 2:43:47 p. m."
"C:\Users\gonza\AppData\Local\Temp\taller_forense_movil\CASO-2026-002\imagen_logica\DCIM\DCIM\Camera\IMG20260307095726.jpg","21/08/2026 3:15:42 p. m.","20/08/2026 6:48:07 a. m.","23/08/2026 2:43:47 p. m."
"C:\Users\gonza\AppData\Local\Temp\taller_forense_movil\CASO-2026-002\imagen_logica\DCIM\DCIM\Camera\IMG20260307100527.jpg","21/08/2026 3:15:42 p. m.","20/08/2026 6:47:37 a. m.","23/08/2026 2:43:47 p. m."
"C:\Users\gonza\AppData\Local\Temp\taller_forense_movil\CASO-2026-002\imagen_logica\DCIM\DCIM\Camera\IMG20260311155641.jpg","21/08/2026 3:15:42 p. m.","20/08/2026 6:48:30 a. m.","23/08/2026 2:43:47 p. m."
"C:\Users\gonza\AppData\Local\Temp\taller_forense_movil\CASO-2026-002\imagen_logica\DCIM\DCIM\Camera\IMG20260311155642.jpg","21/08/2026 3:15:42 p. m.","20/08/2026 6:48:30 a. m.","23/08/2026 2:43:47 p. m."
"C:\Users\gonza\AppData\Local\Temp\taller_forense_movil\CASO-2026-002\imagen_logica\DCIM\DCIM\Camera\IMG20260311155643.jpg","21/08/2026 3:15:42 p. m.","20/08/2026 6:47:38 a. m.","23/08/2026 2:43:47 p. m."
"C:\Users\gonza\AppData\Local\Temp\taller_forense_movil\CASO-2026-002\imagen_logica\DCIM\DCIM\Camera\IMG20260311155646.jpg","21/08/2026 3:15:42 p. m.","20/08/2026 6:48:07 a. m.","23/08/2026 2:43:47 p. m."
"C:\Users\gonza\AppData\Local\Temp\taller_forense_movil\CASO-2026-002\imagen_logica\DCIM\DCIM\Camera\IMG20260311155654.jpg","21/08/2026 3:15:42 p. m.","20/08/2026 6:48:30 a. m.","23/08/2026 2:43:47 p. m."
"C:\Users\gonza\AppData\Local\Temp\taller_forense_movil\CASO-2026-002\imagen_logica\DCIM\DCIM\Camera\IMG20260311155656.jpg","21/08/2026 3:15:42 p. m.","20/08/2026 6:48:30 a. m.","23/08/2026 2:43:47 p. m."
"C:\Users\gonza\AppData\Local\Temp\taller_forense_movil\CASO-2026-002\imagen_logica\DCIM\DCIM\Camera\IMG20260311155657.jpg","21/08/2026 3:15:42 p. m.","20/08/2026 6:48:08 a. m.","23/08/2026 2:43:47 p. m."
"C:\Users\gonza\AppData\Local\Temp\taller_forense_movil\CASO-2026-002\imagen_logica\DCIM\DCIM\Camera\IMG20260311155925.jpg","21/08/2026 3:15:42 p. m.","20/08/2026 6:48:30 a. m.","23/08/2026 2:43:47 p. m."
"C:\Users\gonza\AppData\Local\Temp\taller_forense_movil\CASO-2026-002\imagen_logica\DCIM\DCIM\Camera\IMG20260311155944.jpg","21/08/2026 3:15:42 p. m.","20/08/2026 6:47:38 a. m.","23/08/2026 2:43:47 p. m."
"C:\Users\gonza\AppData\Local\Temp\taller_forense_movil\CASO-2026-002\imagen_logica\DCIM\DCIM\Camera\IMG20260311155949.jpg","21/08/2026 3:15:42 p. m.","20/08/2026 6:48:30 a. m.","23/08/2026 2:43:47 p. m."
"C:\Users\gonza\AppData\Local\Temp\taller_forense_movil\CASO-2026-002\imagen_logica\DCIM\DCIM\Camera\IMG20260311160001.jpg","21/08/2026 3:15:42 p. m.","20/08/2026 6:47:58 a. m.","23/08/2026 2:43:47 p. m."
"C:\Users\gonza\AppData\Local\Temp\taller_forense_movil\CASO-2026-002\imagen_logica\DCIM\DCIM\Camera\IMG20260311190211.jpg","21/08/2026 3:15:42 p. m.","20/08/2026 6:47:38 a. m.","23/08/2026 2:43:48 p. m."
"C:\Users\gonza\AppData\Local\Temp\taller_forense_movil\CASO-2026-002\imagen_logica\DCIM\DCIM\Camera\IMG20260312123249.jpg","21/08/2026 3:15:42 p. m.","20/08/2026 6:47:58 a. m.","23/08/2026 2:43:48 p. m."
"C:\Users\gonza\AppData\Local\Temp\taller_forense_movil\CASO-2026-002\imagen_logica\DCIM\DCIM\Camera\IMG20260312123258.jpg","21/08/2026 3:15:42 p. m.","20/08/2026 6:47:38 a. m.","23/08/2026 2:43:48 p. m."
"C:\Users\gonza\AppData\Local\Temp\taller_forense_movil\CASO-2026-002\imagen_logica\DCIM\DCIM\Camera\IMG20260312175121.jpg","21/08/2026 3:15:42 p. m.","20/08/2026 6:47:38 a. m.","23/08/2026 2:43:48 p. m."
"C:\Users\gonza\AppData\Local\Temp\taller_forense_movil\CASO-2026-002\imagen_logica\DCIM\DCIM\Camera\IMG20260313152059.jpg","21/08/2026 3:15:42 p. m.","20/08/2026 6:48:08 a. m.","23/08/2026 2:43:48 p. m."
"C:\Users\gonza\AppData\Local\Temp\taller_forense_movil\CASO-2026-002\imagen_logica\DCIM\DCIM\Camera\IMG20260313152335.jpg","21/08/2026 3:15:42 p. m.","20/08/2026 6:47:38 a. m.","23/08/2026 2:43:48 p. m."
"C:\Users\gonza\AppData\Local\Temp\taller_forense_movil\CASO-2026-002\imagen_logica\DCIM\DCIM\Camera\IMG20260313152548.jpg","21/08/2026 3:15:42 p. m.","20/08/2026 6:48:30 a. m.","23/08/2026 2:43:48 p. m."
"C:\Users\gonza\AppData\Local\Temp\taller_forense_movil\CASO-2026-002\imagen_logica\DCIM\DCIM\Camera\IMG20260313152721.jpg","21/08/2026 3:15:42 p. m.","20/08/2026 6:48:08 a. m.","23/08/2026 2:43:48 p. m."
"C:\Users\gonza\AppData\Local\Temp\taller_forense_movil\CASO-2026-002\imagen_logica\DCIM\DCIM\Camera\IMG20260313152729.jpg","21/08/2026 3:15:42 p. m.","20/08/2026 6:47:38 a. m.","23/08/2026 2:43:48 p. m."
"C:\Users\gonza\AppData\Local\Temp\taller_forense_movil\CASO-2026-002\imagen_logica\DCIM\DCIM\Camera\IMG20260313153027.jpg","21/08/2026 3:15:42 p. m.","20/08/2026 6:47:38 a. m.","23/08/2026 2:43:48 p. m."
"C:\Users\gonza\AppData\Local\Temp\taller_forense_movil\CASO-2026-002\imagen_logica\DCIM\DCIM\Camera\IMG20260313153028.jpg","21/08/2026 3:15:42 p. m.","20/08/2026 6:48:08 a. m.","23/08/2026 2:43:48 p. m."
"C:\Users\gonza\AppData\Local\Temp\taller_forense_movil\CASO-2026-002\imagen_logica\DCIM\DCIM\Camera\IMG20260313153029.jpg","21/08/2026 3:15:42 p. m.","20/08/2026 6:47:58 a. m.","23/08/2026 2:43:48 p. m."
"C:\Users\gonza\AppData\Local\Temp\taller_forense_movil\CASO-2026-002\imagen_logica\DCIM\DCIM\Camera\IMG20260313153149.jpg","21/08/2026 3:15:42 p. m.","20/08/2026 6:47:38 a. m.","23/08/2026 2:43:48 p. m."
"C:\Users\gonza\AppData\Local\Temp\taller_forense_movil\CASO-2026-002\imagen_logica\DCIM\DCIM\Camera\IMG20260313153302.jpg","21/08/2026 3:15:42 p. m.","20/08/2026 6:48:08 a. m.","23/08/2026 2:43:48 p. m."
"C:\Users\gonza\AppData\Local\Temp\taller_forense_movil\CASO-2026-002\imagen_logica\DCIM\DCIM\Camera\IMG20260313153304.jpg","21/08/2026 3:15:42 p. m.","20/08/2026 6:48:30 a. m.","23/08/2026 2:43:48 p. m."
"C:\Users\gonza\AppData\Local\Temp\taller_forense_movil\CASO-2026-002\imagen_logica\DCIM\DCIM\Camera\IMG20260313154038.jpg","21/08/2026 3:15:42 p. m.","20/08/2026 6:48:08 a. m.","23/08/2026 2:43:48 p. m."
"C:\Users\gonza\AppData\Local\Temp\taller_forense_movil\CASO-2026-002\imagen_logica\DCIM\DCIM\Camera\IMG20260313154216.jpg","21/08/2026 3:15:42 p. m.","20/08/2026 6:47:38 a. m.","23/08/2026 2:43:48 p. m."
"C:\Users\gonza\AppData\Local\Temp\taller_forense_movil\CASO-2026-002\imagen_logica\DCIM\DCIM\Camera\IMG20260313154413.jpg","21/08/2026 3:15:42 p. m.","20/08/2026 6:47:58 a. m.","23/08/2026 2:43:48 p. m."
"C:\Users\gonza\AppData\Local\Temp\taller_forense_movil\CASO-2026-002\imagen_logica\DCIM\DCIM\Camera\IMG20260313154858.jpg","21/08/2026 3:15:42 p. m.","20/08/2026 6:48:30 a. m.","23/08/2026 2:43:48 p. m."
"C:\Users\gonza\AppData\Local\Temp\taller_forense_movil\CASO-2026-002\imagen_logica\DCIM\DCIM\Camera\IMG20260313155154.jpg","21/08/2026 3:15:42 p. m.","20/08/2026 6:48:08 a. m.","23/08/2026 2:43:48 p. m."
"C:\Users\gonza\AppData\Local\Temp\taller_forense_movil\CASO-2026-002\imagen_logica\DCIM\DCIM\Camera\IMG20260313155326.jpg","21/08/2026 3:15:42 p. m.","20/08/2026 6:48:30 a. m.","23/08/2026 2:43:48 p. m."
"C:\Users\gonza\AppData\Local\Temp\taller_forense_movil\CASO-2026-002\imagen_logica\DCIM\DCIM\Camera\IMG20260313155331.jpg","21/08/2026 3:15:42 p. m.","20/08/2026 6:47:58 a. m.","23/08/2026 2:43:48 p. m."
"C:\Users\gonza\AppData\Local\Temp\taller_forense_movil\CASO-2026-002\imagen_logica\DCIM\DCIM\Camera\IMG20260313155440.jpg","21/08/2026 3:15:42 p. m.","20/08/2026 6:47:58 a. m.","23/08/2026 2:43:48 p. m."
"C:\Users\gonza\AppData\Local\Temp\taller_forense_movil\CASO-2026-002\imagen_logica\DCIM\DCIM\Camera\IMG20260313155452.jpg","21/08/2026 3:15:42 p. m.","20/08/2026 6:47:58 a. m.","23/08/2026 2:43:48 p. m."
"C:\Users\gonza\AppData\Local\Temp\taller_forense_movil\CASO-2026-002\imagen_logica\DCIM\DCIM\Camera\IMG20260313155507.jpg","21/08/2026 3:15:42 p. m.","20/08/2026 6:47:59 a. m.","23/08/2026 2:43:48 p. m."
"C:\Users\gonza\AppData\Local\Temp\taller_forense_movil\CASO-2026-002\imagen_logica\DCIM\DCIM\Camera\IMG20260313155611.jpg","21/08/2026 3:15:42 p. m.","20/08/2026 6:47:59 a. m.","23/08/2026 2:43:48 p. m."
"C:\Users\gonza\AppData\Local\Temp\taller_forense_movil\CASO-2026-002\imagen_logica\DCIM\DCIM\Camera\IMG20260313155613.jpg","21/08/2026 3:15:43 p. m.","20/08/2026 6:47:38 a. m.","23/08/2026 2:43:48 p. m."
"C:\Users\gonza\AppData\Local\Temp\taller_forense_movil\CASO-2026-002\imagen_logica\DCIM\DCIM\Camera\IMG20260313155807.jpg","21/08/2026 3:15:43 p. m.","20/08/2026 6:47:39 a. m.","23/08/2026 2:43:48 p. m."
"C:\Users\gonza\AppData\Local\Temp\taller_forense_movil\CASO-2026-002\imagen_logica\DCIM\DCIM\Camera\IMG20260313160118.jpg","21/08/2026 3:15:43 p. m.","20/08/2026 6:47:59 a. m.","23/08/2026 2:43:48 p. m."
"C:\Users\gonza\AppData\Local\Temp\taller_forense_movil\CASO-2026-002\imagen_logica\DCIM\DCIM\Camera\IMG20260313160304.jpg","21/08/2026 3:15:43 p. m.","20/08/2026 6:47:59 a. m.","23/08/2026 2:43:48 p. m."
"C:\Users\gonza\AppData\Local\Temp\taller_forense_movil\CASO-2026-002\imagen_logica\DCIM\DCIM\Camera\IMG20260314085400.jpg","21/08/2026 3:15:43 p. m.","20/08/2026 6:47:59 a. m.","23/08/2026 2:43:48 p. m."
"C:\Users\gonza\AppData\Local\Temp\taller_forense_movil\CASO-2026-002\imagen_logica\DCIM\DCIM\Camera\IMG20260314085407.jpg","21/08/2026 3:15:43 p. m.","20/08/2026 6:47:59 a. m.","23/08/2026 2:43:49 p. m."
"C:\Users\gonza\AppData\Local\Temp\taller_forense_movil\CASO-2026-002\imagen_logica\DCIM\DCIM\Camera\IMG20260314085542.jpg","21/08/2026 3:15:43 p. m.","20/08/2026 6:47:59 a. m.","23/08/2026 2:43:49 p. m."
"C:\Users\gonza\AppData\Local\Temp\taller_forense_movil\CASO-2026-002\imagen_logica\DCIM\DCIM\Camera\IMG20260314085546.jpg","21/08/2026 3:15:43 p. m.","20/08/2026 6:47:59 a. m.","23/08/2026 2:43:49 p. m."
"C:\Users\gonza\AppData\Local\Temp\taller_forense_movil\CASO-2026-002\imagen_logica\DCIM\DCIM\Camera\IMG20260314085631.jpg","21/08/2026 3:15:43 p. m.","20/08/2026 6:47:59 a. m.","23/08/2026 2:43:49 p. m."
"C:\Users\gonza\AppData\Local\Temp\taller_forense_movil\CASO-2026-002\imagen_logica\DCIM\DCIM\Camera\IMG20260314085709.jpg","21/08/2026 3:15:43 p. m.","20/08/2026 6:48:30 a. m.","23/08/2026 2:43:49 p. m."
"C:\Users\gonza\AppData\Local\Temp\taller_forense_movil\CASO-2026-002\imagen_logica\DCIM\DCIM\Camera\IMG20260314085726.jpg","21/08/2026 3:15:43 p. m.","20/08/2026 6:48:31 a. m.","23/08/2026 2:43:49 p. m."
"C:\Users\gonza\AppData\Local\Temp\taller_forense_movil\CASO-2026-002\imagen_logica\DCIM\DCIM\Camera\IMG20260314085823.jpg","21/08/2026 3:15:43 p. m.","20/08/2026 6:47:39 a. m.","23/08/2026 2:43:49 p. m."
"C:\Users\gonza\AppData\Local\Temp\taller_forense_movil\CASO-2026-002\imagen_logica\DCIM\DCIM\Camera\IMG20260314085914.jpg","21/08/2026 3:15:43 p. m.","20/08/2026 6:47:59 a. m.","23/08/2026 2:43:49 p. m."
"C:\Users\gonza\AppData\Local\Temp\taller_forense_movil\CASO-2026-002\imagen_logica\DCIM\DCIM\Camera\IMG20260314085929_BURST001_COVER.jpg","21/08/2026 3:15:43 p. m.","20/08/2026 6:48:08 a. m.","23/08/2026 2:43:49 p. m."
"C:\Users\gonza\AppData\Local\Temp\taller_forense_movil\CASO-2026-002\imagen_logica\DCIM\DCIM\Camera\IMG20260314090325.jpg","21/08/2026 3:15:43 p. m.","20/08/2026 6:47:39 a. m.","23/08/2026 2:43:49 p. m."
"C:\Users\gonza\AppData\Local\Temp\taller_forense_movil\CASO-2026-002\imagen_logica\DCIM\DCIM\Camera\IMG20260314090621.jpg","21/08/2026 3:15:43 p. m.","20/08/2026 6:48:08 a. m.","23/08/2026 2:43:49 p. m."
"C:\Users\gonza\AppData\Local\Temp\taller_forense_movil\CASO-2026-002\imagen_logica\DCIM\DCIM\Camera\IMG20260314090829.jpg","21/08/2026 3:15:43 p. m.","20/08/2026 6:48:08 a. m.","23/08/2026 2:43:49 p. m."
"C:\Users\gonza\AppData\Local\Temp\taller_forense_movil\CASO-2026-002\imagen_logica\DCIM\DCIM\Camera\IMG20260314091209.jpg","21/08/2026 3:15:43 p. m.","20/08/2026 6:48:31 a. m.","23/08/2026 2:43:49 p. m."
"C:\Users\gonza\AppData\Local\Temp\taller_forense_movil\CASO-2026-002\imagen_logica\DCIM\DCIM\Camera\IMG20260314093251.jpg","21/08/2026 3:15:43 p. m.","20/08/2026 6:48:31 a. m.","23/08/2026 2:43:49 p. m."
"C:\Users\gonza\AppData\Local\Temp\taller_forense_movil\CASO-2026-002\imagen_logica\DCIM\DCIM\Camera\IMG20260320101319.jpg","21/08/2026 3:15:43 p. m.","20/08/2026 6:48:31 a. m.","23/08/2026 2:43:49 p. m."
"C:\Users\gonza\AppData\Local\Temp\taller_forense_movil\CASO-2026-002\imagen_logica\DCIM\DCIM\Camera\IMG20260320101326.jpg","21/08/2026 3:15:43 p. m.","20/08/2026 6:47:39 a. m.","23/08/2026 2:43:49 p. m."
"C:\Users\gonza\AppData\Local\Temp\taller_forense_movil\CASO-2026-002\imagen_logica\DCIM\DCIM\Camera\IMG20260320101344.jpg","21/08/2026 3:15:43 p. m.","20/08/2026 6:48:31 a. m.","23/08/2026 2:43:49 p. m."
"C:\Users\gonza\AppData\Local\Temp\taller_forense_movil\CASO-2026-002\imagen_logica\DCIM\DCIM\Camera\IMG20260320104458.jpg","21/08/2026 3:15:43 p. m.","20/08/2026 6:48:08 a. m.","23/08/2026 2:43:49 p. m."
"C:\Users\gonza\AppData\Local\Temp\taller_forense_movil\CASO-2026-002\imagen_logica\DCIM\DCIM\Camera\IMG20260320104500.jpg","21/08/2026 3:15:43 p. m.","20/08/2026 6:48:31 a. m.","23/08/2026 2:43:49 p. m."
"C:\Users\gonza\AppData\Local\Temp\taller_forense_movil\CASO-2026-002\imagen_logica\DCIM\DCIM\Camera\IMG20260320104547.jpg","21/08/2026 3:15:43 p. m.","20/08/2026 6:47:59 a. m.","23/08/2026 2:43:49 p. m."
"C:\Users\gonza\AppData\Local\Temp\taller_forense_movil\CASO-2026-002\imagen_logica\DCIM\DCIM\Camera\IMG20260320145231.jpg","21/08/2026 3:15:43 p. m.","20/08/2026 6:48:31 a. m.","23/08/2026 2:43:49 p. m."
"C:\Users\gonza\AppData\Local\Temp\taller_forense_movil\CASO-2026-002\imagen_logica\DCIM\DCIM\Camera\IMG20260321162635.jpg","21/08/2026 3:15:43 p. m.","20/08/2026 6:48:31 a. m.","23/08/2026 2:43:49 p. m."
"C:\Users\gonza\AppData\Local\Temp\taller_forense_movil\CASO-2026-002\imagen_logica\DCIM\DCIM\Camera\IMG20260322160046.jpg","21/08/2026 3:15:43 p. m.","20/08/2026 6:48:31 a. m.","23/08/2026 2:43:49 p. m."
"C:\Users\gonza\AppData\Local\Temp\taller_forense_movil\CASO-2026-002\imagen_logica\DCIM\DCIM\Camera\IMG20260325162626.jpg","21/08/2026 3:15:43 p. m.","20/08/2026 6:47:39 a. m.","23/08/2026 2:43:49 p. m."
"C:\Users\gonza\AppData\Local\Temp\taller_forense_movil\CASO-2026-002\imagen_logica\DCIM\DCIM\Camera\IMG20260325162703.jpg","21/08/2026 3:15:43 p. m.","20/08/2026 6:48:09 a. m.","23/08/2026 2:43:49 p. m."
"C:\Users\gonza\AppData\Local\Temp\taller_forense_movil\CASO-2026-002\imagen_logica\DCIM\DCIM\Camera\IMG20260325162725.jpg","21/08/2026 3:15:43 p. m.","20/08/2026 6:48:00 a. m.","23/08/2026 2:43:49 p. m."
"C:\Users\gonza\AppData\Local\Temp\taller_forense_movil\CASO-2026-002\imagen_logica\DCIM\DCIM\Camera\IMG20260326152932.jpg","21/08/2026 3:15:43 p. m.","20/08/2026 6:47:39 a. m.","23/08/2026 2:43:49 p. m."
"C:\Users\gonza\AppData\Local\Temp\taller_forense_movil\CASO-2026-002\imagen_logica\DCIM\DCIM\Camera\IMG20260330200724.jpg","21/08/2026 3:15:43 p. m.","20/08/2026 6:48:31 a. m.","23/08/2026 2:43:49 p. m."
"C:\Users\gonza\AppData\Local\Temp\taller_forense_movil\CASO-2026-002\imagen_logica\DCIM\DCIM\Camera\IMG20260331112842.jpg","21/08/2026 3:15:43 p. m.","20/08/2026 6:48:31 a. m.","23/08/2026 2:43:49 p. m."
"C:\Users\gonza\AppData\Local\Temp\taller_forense_movil\CASO-2026-002\imagen_logica\DCIM\DCIM\Camera\IMG20260404210456.jpg","21/08/2026 3:15:43 p. m.","20/08/2026 6:47:39 a. m.","23/08/2026 2:43:49 p. m."
"C:\Users\gonza\AppData\Local\Temp\taller_forense_movil\CASO-2026-002\imagen_logica\DCIM\DCIM\Camera\IMG20260404210501.jpg","21/08/2026 3:15:43 p. m.","20/08/2026 6:47:39 a. m.","23/08/2026 2:43:49 p. m."
"C:\Users\gonza\AppData\Local\Temp\taller_forense_movil\CASO-2026-002\imagen_logica\DCIM\DCIM\Camera\IMG20260405103206.jpg","21/08/2026 3:15:43 p. m.","20/08/2026 6:47:40 a. m.","23/08/2026 2:43:49 p. m."
"C:\Users\gonza\AppData\Local\Temp\taller_forense_movil\CASO-2026-002\imagen_logica\DCIM\DCIM\Camera\IMG20260405113658.jpg","21/08/2026 3:15:43 p. m.","20/08/2026 6:48:11 a. m.","23/08/2026 2:43:49 p. m."
"C:\Users\gonza\AppData\Local\Temp\taller_forense_movil\CASO-2026-002\imagen_logica\DCIM\DCIM\Camera\IMG20260405113659.jpg","21/08/2026 3:15:43 p. m.","20/08/2026 6:47:40 a. m.","23/08/2026 2:43:49 p. m."
"C:\Users\gonza\AppData\Local\Temp\taller_forense_movil\CASO-2026-002\imagen_logica\DCIM\DCIM\Camera\IMG20260405120000.jpg","21/08/2026 3:15:43 p. m.","20/08/2026 6:48:30 a. m.","23/08/2026 2:43:50 p. m."
"C:\Users\gonza\AppData\Local\Temp\taller_forense_movil\CASO-2026-002\imagen_logica\DCIM\DCIM\Camera\IMG20260405120009.jpg","21/08/2026 3:15:43 p. m.","20/08/2026 6:48:30 a. m.","23/08/2026 2:43:50 p. m."
"C:\Users\gonza\AppData\Local\Temp\taller_forense_movil\CASO-2026-002\imagen_logica\DCIM\DCIM\Camera\IMG20260405124430.jpg","21/08/2026 3:15:43 p. m.","20/08/2026 6:47:58 a. m.","23/08/2026 2:43:50 p. m."
"C:\Users\gonza\AppData\Local\Temp\taller_forense_movil\CASO-2026-002\imagen_logica\DCIM\DCIM\Camera\IMG20260405143500.jpg","21/08/2026 3:15:43 p. m.","20/08/2026 6:48:11 a. m.","23/08/2026 2:43:50 p. m."
"C:\Users\gonza\AppData\Local\Temp\taller_forense_movil\CASO-2026-002\imagen_logica\DCIM\DCIM\Camera\IMG20260405143511.jpg","21/08/2026 3:15:43 p. m.","20/08/2026 6:48:11 a. m.","23/08/2026 2:43:50 p. m."
"C:\Users\gonza\AppData\Local\Temp\taller_forense_movil\CASO-2026-002\imagen_logica\DCIM\DCIM\Camera\IMG20260405182349.jpg","21/08/2026 3:15:43 p. m.","20/08/2026 6:47:43 a. m.","23/08/2026 2:43:50 p. m."
"C:\Users\gonza\AppData\Local\Temp\taller_forense_movil\CASO-2026-002\imagen_logica\DCIM\DCIM\Camera\IMG20260405182355.jpg","21/08/2026 3:15:43 p. m.","20/08/2026 6:47:43 a. m.","23/08/2026 2:43:50 p. m."
"C:\Users\gonza\AppData\Local\Temp\taller_forense_movil\CASO-2026-002\imagen_logica\DCIM\DCIM\Camera\IMG20260405182446.jpg","21/08/2026 3:15:43 p. m.","20/08/2026 6:48:00 a. m.","23/08/2026 2:43:50 p. m."
"C:\Users\gonza\AppData\Local\Temp\taller_forense_movil\CASO-2026-002\imagen_logica\DCIM\DCIM\Camera\IMG20260405182701.jpg","21/08/2026 3:15:43 p. m.","20/08/2026 6:47:58 a. m.","23/08/2026 2:43:50 p. m."
"C:\Users\gonza\AppData\Local\Temp\taller_forense_movil\CASO-2026-002\imagen_logica\DCIM\DCIM\Camera\IMG20260405182723.jpg","21/08/2026 3:15:43 p. m.","20/08/2026 6:48:31 a. m.","23/08/2026 2:43:50 p. m."
"C:\Users\gonza\AppData\Local\Temp\taller_forense_movil\CASO-2026-002\imagen_logica\DCIM\DCIM\Camera\IMG20260405182724.jpg","21/08/2026 3:15:43 p. m.","20/08/2026 6:48:11 a. m.","23/08/2026 2:43:50 p. m."
"C:\Users\gonza\AppData\Local\Temp\taller_forense_movil\CASO-2026-002\imagen_logica\DCIM\DCIM\Camera\IMG20260405182812.jpg","21/08/2026 3:15:43 p. m.","20/08/2026 6:48:00 a. m.","23/08/2026 2:43:50 p. m."
"C:\Users\gonza\AppData\Local\Temp\taller_forense_movil\CASO-2026-002\imagen_logica\DCIM\DCIM\Camera\IMG20260405182814.jpg","21/08/2026 3:15:43 p. m.","20/08/2026 6:48:11 a. m.","23/08/2026 2:43:50 p. m."
"C:\Users\gonza\AppData\Local\Temp\taller_forense_movil\CASO-2026-002\imagen_logica\DCIM\DCIM\Camera\IMG20260405183017.jpg","21/08/2026 3:15:43 p. m.","20/08/2026 6:48:12 a. m.","23/08/2026 2:43:50 p. m."
"C:\Users\gonza\AppData\Local\Temp\taller_forense_movil\CASO-2026-002\imagen_logica\DCIM\DCIM\Camera\IMG20260405183031.jpg","21/08/2026 3:15:43 p. m.","20/08/2026 6:48:32 a. m.","23/08/2026 2:43:50 p. m."
"C:\Users\gonza\AppData\Local\Temp\taller_forense_movil\CASO-2026-002\imagen_logica\DCIM\DCIM\Camera\IMG20260405183200.jpg","21/08/2026 3:15:43 p. m.","20/08/2026 6:48:00 a. m.","23/08/2026 2:43:50 p. m."
"C:\Users\gonza\AppData\Local\Temp\taller_forense_movil\CASO-2026-002\imagen_logica\DCIM\DCIM\Camera\IMG20260411202305.jpg","21/08/2026 3:15:43 p. m.","20/08/2026 6:47:56 a. m.","23/08/2026 2:43:50 p. m."
"C:\Users\gonza\AppData\Local\Temp\taller_forense_movil\CASO-2026-002\imagen_logica\DCIM\DCIM\Camera\IMG20260411202308.jpg","21/08/2026 3:15:43 p. m.","20/08/2026 6:48:00 a. m.","23/08/2026 2:43:50 p. m."
"C:\Users\gonza\AppData\Local\Temp\taller_forense_movil\CASO-2026-002\imagen_logica\DCIM\DCIM\Camera\IMG20260412144933.jpg","21/08/2026 3:15:43 p. m.","20/08/2026 6:47:37 a. m.","23/08/2026 2:43:50 p. m."
"C:\Users\gonza\AppData\Local\Temp\taller_forense_movil\CASO-2026-002\imagen_logica\DCIM\DCIM\Camera\IMG20260412144937.jpg","21/08/2026 3:15:43 p. m.","20/08/2026 6:48:08 a. m.","23/08/2026 2:43:50 p. m."
"C:\Users\gonza\AppData\Local\Temp\taller_forense_movil\CASO-2026-002\imagen_logica\DCIM\DCIM\Camera\IMG20260412144939.jpg","21/08/2026 3:15:43 p. m.","20/08/2026 6:47:58 a. m.","23/08/2026 2:43:50 p. m."
"C:\Users\gonza\AppData\Local\Temp\taller_forense_movil\CASO-2026-002\imagen_logica\DCIM\DCIM\Camera\IMG20260412144941.jpg","21/08/2026 3:15:43 p. m.","20/08/2026 6:48:08 a. m.","23/08/2026 2:43:50 p. m."
"C:\Users\gonza\AppData\Local\Temp\taller_forense_movil\CASO-2026-002\imagen_logica\DCIM\DCIM\Camera\IMG20260412144945.jpg","21/08/2026 3:15:43 p. m.","20/08/2026 6:48:08 a. m.","23/08/2026 2:43:50 p. m."
"C:\Users\gonza\AppData\Local\Temp\taller_forense_movil\CASO-2026-002\imagen_logica\DCIM\DCIM\Camera\IMG20260412144947.jpg","21/08/2026 3:15:43 p. m.","20/08/2026 6:48:12 a. m.","23/08/2026 2:43:50 p. m."
"C:\Users\gonza\AppData\Local\Temp\taller_forense_movil\CASO-2026-002\imagen_logica\DCIM\DCIM\Camera\IMG20260412145027.jpg","21/08/2026 3:15:43 p. m.","20/08/2026 6:48:00 a. m.","23/08/2026 2:43:50 p. m."
"C:\Users\gonza\AppData\Local\Temp\taller_forense_movil\CASO-2026-002\imagen_logica\DCIM\DCIM\Camera\IMG20260412145322.jpg","21/08/2026 3:15:43 p. m.","20/08/2026 6:48:32 a. m.","23/08/2026 2:43:50 p. m."
"C:\Users\gonza\AppData\Local\Temp\taller_forense_movil\CASO-2026-002\imagen_logica\DCIM\DCIM\Camera\IMG20260412145327.jpg","21/08/2026 3:15:43 p. m.","20/08/2026 6:48:00 a. m.","23/08/2026 2:43:50 p. m."
"C:\Users\gonza\AppData\Local\Temp\taller_forense_movil\CASO-2026-002\imagen_logica\DCIM\DCIM\Camera\IMG20260412145332.jpg","21/08/2026 3:15:43 p. m.","20/08/2026 6:47:43 a. m.","23/08/2026 2:43:50 p. m."
"C:\Users\gonza\AppData\Local\Temp\taller_forense_movil\CASO-2026-002\imagen_logica\DCIM\DCIM\Camera\IMG20260412145335.jpg","21/08/2026 3:15:43 p. m.","20/08/2026 6:48:32 a. m.","23/08/2026 2:43:50 p. m."
"C:\Users\gonza\AppData\Local\Temp\taller_forense_movil\CASO-2026-002\imagen_logica\DCIM\DCIM\Camera\IMG20260412145339.jpg","21/08/2026 3:15:43 p. m.","20/08/2026 6:48:32 a. m.","23/08/2026 2:43:50 p. m."
"C:\Users\gonza\AppData\Local\Temp\taller_forense_movil\CASO-2026-002\imagen_logica\DCIM\DCIM\Camera\IMG20260412145343.jpg","21/08/2026 3:15:43 p. m.","20/08/2026 6:48:13 a. m.","23/08/2026 2:43:50 p. m."
"C:\Users\gonza\AppData\Local\Temp\taller_forense_movil\CASO-2026-002\imagen_logica\DCIM\DCIM\Camera\IMG20260414071551.jpg","21/08/2026 3:15:43 p. m.","20/08/2026 6:48:32 a. m.","23/08/2026 2:43:50 p. m."
"C:\Users\gonza\AppData\Local\Temp\taller_forense_movil\CASO-2026-002\imagen_logica\DCIM\DCIM\Camera\IMG20260414102652.jpg","21/08/2026 3:15:43 p. m.","20/08/2026 6:48:13 a. m.","23/08/2026 2:43:50 p. m."
"C:\Users\gonza\AppData\Local\Temp\taller_forense_movil\CASO-2026-002\imagen_logica\DCIM\DCIM\Camera\IMG20260414105623.jpg","21/08/2026 3:15:43 p. m.","20/08/2026 6:48:00 a. m.","23/08/2026 2:43:51 p. m."
"C:\Users\gonza\AppData\Local\Temp\taller_forense_movil\CASO-2026-002\imagen_logica\DCIM\DCIM\Camera\IMG20260414113150.jpg","21/08/2026 3:15:43 p. m.","20/08/2026 6:48:13 a. m.","23/08/2026 2:43:51 p. m."
"C:\Users\gonza\AppData\Local\Temp\taller_forense_movil\CASO-2026-002\imagen_logica\DCIM\DCIM\Camera\IMG20260414113153.jpg","21/08/2026 3:15:43 p. m.","20/08/2026 6:48:01 a. m.","23/08/2026 2:43:51 p. m."
"C:\Users\gonza\AppData\Local\Temp\taller_forense_movil\CASO-2026-002\imagen_logica\DCIM\DCIM\Camera\IMG20260422144051.jpg","21/08/2026 3:15:43 p. m.","20/08/2026 6:48:32 a. m.","23/08/2026 2:43:51 p. m."
"C:\Users\gonza\AppData\Local\Temp\taller_forense_movil\CASO-2026-002\imagen_logica\DCIM\DCIM\Camera\IMG20260424144921.jpg","21/08/2026 3:15:43 p. m.","20/08/2026 6:48:01 a. m.","23/08/2026 2:43:51 p. m."
"C:\Users\gonza\AppData\Local\Temp\taller_forense_movil\CASO-2026-002\imagen_logica\DCIM\DCIM\Camera\IMG20260424145657.jpg","21/08/2026 3:15:43 p. m.","20/08/2026 6:47:44 a. m.","23/08/2026 2:43:51 p. m."
"C:\Users\gonza\AppData\Local\Temp\taller_forense_movil\CASO-2026-002\imagen_logica\DCIM\DCIM\Camera\IMG20260424173212.jpg","21/08/2026 3:15:43 p. m.","20/08/2026 6:48:13 a. m.","23/08/2026 2:43:51 p. m."
"C:\Users\gonza\AppData\Local\Temp\taller_forense_movil\CASO-2026-002\imagen_logica\DCIM\DCIM\Camera\IMG20260425095443.jpg","21/08/2026 3:15:43 p. m.","20/08/2026 6:48:32 a. m.","23/08/2026 2:43:51 p. m."
"C:\Users\gonza\AppData\Local\Temp\taller_forense_movil\CASO-2026-002\imagen_logica\DCIM\DCIM\Camera\IMG20260425095518.jpg","21/08/2026 3:15:43 p. m.","20/08/2026 6:48:32 a. m.","23/08/2026 2:43:51 p. m."
"C:\Users\gonza\AppData\Local\Temp\taller_forense_movil\CASO-2026-002\imagen_logica\DCIM\DCIM\Camera\IMG20260425105707.jpg","21/08/2026 3:15:43 p. m.","20/08/2026 6:48:09 a. m.","23/08/2026 2:43:51 p. m."
"C:\Users\gonza\AppData\Local\Temp\taller_forense_movil\CASO-2026-002\imagen_logica\DCIM\DCIM\Camera\IMG20260425112556.jpg","21/08/2026 3:15:43 p. m.","20/08/2026 6:48:13 a. m.","23/08/2026 2:43:51 p. m."
"C:\Users\gonza\AppData\Local\Temp\taller_forense_movil\CASO-2026-002\imagen_logica\DCIM\DCIM\Camera\IMG20260429084308.jpg","21/08/2026 3:15:43 p. m.","20/08/2026 6:48:32 a. m.","23/08/2026 2:43:51 p. m."
"C:\Users\gonza\AppData\Local\Temp\taller_forense_movil\CASO-2026-002\imagen_logica\DCIM\DCIM\Camera\IMG20260429084318.jpg","21/08/2026 3:15:43 p. m.","20/08/2026 6:48:32 a. m.","23/08/2026 2:43:51 p. m."
"C:\Users\gonza\AppData\Local\Temp\taller_forense_movil\CASO-2026-002\imagen_logica\DCIM\DCIM\Camera\IMG20260429120106.jpg","21/08/2026 3:15:43 p. m.","20/08/2026 6:48:32 a. m.","23/08/2026 2:43:51 p. m."
"C:\Users\gonza\AppData\Local\Temp\taller_forense_movil\CASO-2026-002\imagen_logica\DCIM\DCIM\Camera\IMG20260429172326.jpg","21/08/2026 3:15:43 p. m.","20/08/2026 6:47:44 a. m.","23/08/2026 2:43:51 p. m."
"C:\Users\gonza\AppData\Local\Temp\taller_forense_movil\CASO-2026-002\imagen_logica\DCIM\DCIM\Camera\IMG20260429172338.jpg","21/08/2026 3:15:43 p. m.","20/08/2026 6:48:33 a. m.","23/08/2026 2:43:51 p. m."
"C:\Users\gonza\AppData\Local\Temp\taller_forense_movil\CASO-2026-002\imagen_logica\DCIM\DCIM\Camera\IMG20260429180358.jpg","21/08/2026 3:15:43 p. m.","20/08/2026 6:48:01 a. m.","23/08/2026 2:43:51 p. m."
"C:\Users\gonza\AppData\Local\Temp\taller_forense_movil\CASO-2026-002\imagen_logica\DCIM\DCIM\Camera\IMG20260429180428.jpg","21/08/2026 3:15:43 p. m.","20/08/2026 6:48:33 a. m.","23/08/2026 2:43:51 p. m."
"C:\Users\gonza\AppData\Local\Temp\taller_forense_movil\CASO-2026-002\imagen_logica\DCIM\DCIM\Camera\IMG20260430183059.jpg","21/08/2026 3:15:43 p. m.","20/08/2026 6:48:18 a. m.","23/08/2026 2:43:51 p. m."
"C:\Users\gonza\AppData\Local\Temp\taller_forense_movil\CASO-2026-002\imagen_logica\DCIM\DCIM\Camera\IMG20260505070750.jpg","21/08/2026 3:15:43 p. m.","20/08/2026 6:47:44 a. m.","23/08/2026 2:43:51 p. m."
"C:\Users\gonza\AppData\Local\Temp\taller_forense_movil\CASO-2026-002\imagen_logica\DCIM\DCIM\Camera\IMG20260507151635.jpg","21/08/2026 3:15:43 p. m.","20/08/2026 6:48:09 a. m.","23/08/2026 2:43:51 p. m."
"C:\Users\gonza\AppData\Local\Temp\taller_forense_movil\CASO-2026-002\imagen_logica\DCIM\DCIM\Camera\IMG20260507151639.jpg","21/08/2026 3:15:43 p. m.","20/08/2026 6:48:09 a. m.","23/08/2026 2:43:51 p. m."
"C:\Users\gonza\AppData\Local\Temp\taller_forense_movil\CASO-2026-002\imagen_logica\DCIM\DCIM\Camera\IMG20260507151646.jpg","21/08/2026 3:15:43 p. m.","20/08/2026 6:47:39 a. m.","23/08/2026 2:43:51 p. m."
"C:\Users\gonza\AppData\Local\Temp\taller_forense_movil\CASO-2026-002\imagen_logica\DCIM\DCIM\Camera\IMG20260507201134.jpg","21/08/2026 3:15:43 p. m.","20/08/2026 6:48:09 a. m.","23/08/2026 2:43:51 p. m."
"C:\Users\gonza\AppData\Local\Temp\taller_forense_movil\CASO-2026-002\imagen_logica\DCIM\DCIM\Camera\IMG20260508143318.jpg","21/08/2026 3:15:43 p. m.","20/08/2026 6:47:39 a. m.","23/08/2026 2:43:51 p. m."
"C:\Users\gonza\AppData\Local\Temp\taller_forense_movil\CASO-2026-002\imagen_logica\DCIM\DCIM\Camera\IMG20260508143653.jpg","21/08/2026 3:15:43 p. m.","20/08/2026 6:48:33 a. m.","23/08/2026 2:43:51 p. m."
"C:\Users\gonza\AppData\Local\Temp\taller_forense_movil\CASO-2026-002\imagen_logica\DCIM\DCIM\Camera\IMG20260508150341.jpg","21/08/2026 3:15:43 p. m.","20/08/2026 6:48:33 a. m.","23/08/2026 2:43:51 p. m."
"C:\Users\gonza\AppData\Local\Temp\taller_forense_movil\CASO-2026-002\imagen_logica\DCIM\DCIM\Camera\IMG20260508153201.jpg","21/08/2026 3:15:43 p. m.","20/08/2026 6:47:43 a. m.","23/08/2026 2:43:51 p. m."
"C:\Users\gonza\AppData\Local\Temp\taller_forense_movil\CASO-2026-002\imagen_logica\DCIM\DCIM\Camera\IMG20260508155141.jpg","21/08/2026 3:15:43 p. m.","20/08/2026 6:47:44 a. m.","23/08/2026 2:43:51 p. m."
"C:\Users\gonza\AppData\Local\Temp\taller_forense_movil\CASO-2026-002\imagen_logica\DCIM\DCIM\Camera\IMG20260508155837.jpg","21/08/2026 3:15:43 p. m.","20/08/2026 6:48:33 a. m.","23/08/2026 2:43:51 p. m."
"C:\Users\gonza\AppData\Local\Temp\taller_forense_movil\CASO-2026-002\imagen_logica\DCIM\DCIM\Camera\IMG20260508172125.jpg","21/08/2026 3:15:43 p. m.","20/08/2026 6:48:33 a. m.","23/08/2026 2:43:51 p. m."
"C:\Users\gonza\AppData\Local\Temp\taller_forense_movil\CASO-2026-002\imagen_logica\DCIM\DCIM\Camera\IMG20260509105914.jpg","21/08/2026 3:15:43 p. m.","20/08/2026 6:48:01 a. m.","23/08/2026 2:43:51 p. m."
"C:\Users\gonza\AppData\Local\Temp\taller_forense_movil\CASO-2026-002\imagen_logica\DCIM\DCIM\Camera\IMG20260509110033.jpg","21/08/2026 3:15:43 p. m.","20/08/2026 6:47:44 a. m.","23/08/2026 2:43:51 p. m."
"C:\Users\gonza\AppData\Local\Temp\taller_forense_movil\CASO-2026-002\imagen_logica\DCIM\DCIM\Camera\IMG20260509112433.jpg","21/08/2026 3:15:43 p. m.","20/08/2026 6:48:00 a. m.","23/08/2026 2:43:51 p. m."
"C:\Users\gonza\AppData\Local\Temp\taller_forense_movil\CASO-2026-002\imagen_logica\DCIM\DCIM\Camera\IMG20260509112601.jpg","21/08/2026 3:15:43 p. m.","20/08/2026 6:48:33 a. m.","23/08/2026 2:43:51 p. m."
"C:\Users\gonza\AppData\Local\Temp\taller_forense_movil\CASO-2026-002\imagen_logica\DCIM\DCIM\Camera\IMG20260509113240.jpg","21/08/2026 3:15:43 p. m.","20/08/2026 6:48:33 a. m.","23/08/2026 2:43:52 p. m."
"C:\Users\gonza\AppData\Local\Temp\taller_forense_movil\CASO-2026-002\imagen_logica\DCIM\DCIM\Camera\IMG20260509113438.jpg","21/08/2026 3:15:43 p. m.","20/08/2026 6:48:33 a. m.","23/08/2026 2:43:52 p. m."
"C:\Users\gonza\AppData\Local\Temp\taller_forense_movil\CASO-2026-002\imagen_logica\DCIM\DCIM\Camera\IMG20260509113726.jpg","21/08/2026 3:15:43 p. m.","20/08/2026 6:48:01 a. m.","23/08/2026 2:43:52 p. m."
"C:\Users\gonza\AppData\Local\Temp\taller_forense_movil\CASO-2026-002\imagen_logica\DCIM\DCIM\Camera\IMG20260509113940.jpg","21/08/2026 3:15:43 p. m.","20/08/2026 6:48:09 a. m.","23/08/2026 2:43:52 p. m."
"C:\Users\gonza\AppData\Local\Temp\taller_forense_movil\CASO-2026-002\imagen_logica\DCIM\DCIM\Camera\IMG20260509113947.jpg","21/08/2026 3:15:43 p. m.","20/08/2026 6:48:33 a. m.","23/08/2026 2:43:52 p. m."
"C:\Users\gonza\AppData\Local\Temp\taller_forense_movil\CASO-2026-002\imagen_logica\DCIM\DCIM\Camera\IMG20260509114638.jpg","21/08/2026 3:15:43 p. m.","20/08/2026 6:48:01 a. m.","23/08/2026 2:43:52 p. m."
"C:\Users\gonza\AppData\Local\Temp\taller_forense_movil\CASO-2026-002\imagen_logica\DCIM\DCIM\Camera\IMG20260509114814.jpg","21/08/2026 3:15:43 p. m.","20/08/2026 6:48:18 a. m.","23/08/2026 2:43:52 p. m."
"C:\Users\gonza\AppData\Local\Temp\taller_forense_movil\CASO-2026-002\imagen_logica\DCIM\DCIM\Camera\IMG20260509115352.jpg","21/08/2026 3:15:43 p. m.","20/08/2026 6:47:44 a. m.","23/08/2026 2:43:52 p. m."
"C:\Users\gonza\AppData\Local\Temp\taller_forense_movil\CASO-2026-002\imagen_logica\DCIM\DCIM\Camera\IMG20260509115505.jpg","21/08/2026 3:15:43 p. m.","20/08/2026 6:48:18 a. m.","23/08/2026 2:43:52 p. m."
"C:\Users\gonza\AppData\Local\Temp\taller_forense_movil\CASO-2026-002\imagen_logica\DCIM\DCIM\Camera\IMG20260509115526.jpg","21/08/2026 3:15:43 p. m.","20/08/2026 6:48:33 a. m.","23/08/2026 2:43:52 p. m."
"C:\Users\gonza\AppData\Local\Temp\taller_forense_movil\CASO-2026-002\imagen_logica\DCIM\DCIM\Camera\IMG20260509120945.jpg","21/08/2026 3:15:43 p. m.","20/08/2026 6:47:44 a. m.","23/08/2026 2:43:52 p. m."
"C:\Users\gonza\AppData\Local\Temp\taller_forense_movil\CASO-2026-002\imagen_logica\DCIM\DCIM\Camera\IMG20260509121855.jpg","21/08/2026 3:15:43 p. m.","20/08/2026 6:47:44 a. m.","23/08/2026 2:43:52 p. m."
"C:\Users\gonza\AppData\Local\Temp\taller_forense_movil\CASO-2026-002\imagen_logica\DCIM\DCIM\Camera\IMG20260509122105.jpg","21/08/2026 3:15:43 p. m.","20/08/2026 6:48:33 a. m.","23/08/2026 2:43:52 p. m."
"C:\Users\gonza\AppData\Local\Temp\taller_forense_movil\CASO-2026-002\imagen_logica\DCIM\DCIM\Camera\IMG20260509122632.jpg","21/08/2026 3:15:43 p. m.","20/08/2026 6:48:33 a. m.","23/08/2026 2:43:52 p. m."
"C:\Users\gonza\AppData\Local\Temp\taller_forense_movil\CASO-2026-002\imagen_logica\DCIM\DCIM\Camera\IMG20260509122910.jpg","21/08/2026 3:15:43 p. m.","20/08/2026 6:48:01 a. m.","23/08/2026 2:43:52 p. m."
"C:\Users\gonza\AppData\Local\Temp\taller_forense_movil\CASO-2026-002\imagen_logica\DCIM\DCIM\Camera\IMG20260509123526.jpg","21/08/2026 3:15:43 p. m.","20/08/2026 6:48:18 a. m.","23/08/2026 2:43:52 p. m."
"C:\Users\gonza\AppData\Local\Temp\taller_forense_movil\CASO-2026-002\imagen_logica\DCIM\DCIM\Camera\IMG20260509124033.jpg","21/08/2026 3:15:43 p. m.","20/08/2026 6:48:18 a. m.","23/08/2026 2:43:52 p. m."
"C:\Users\gonza\AppData\Local\Temp\taller_forense_movil\CASO-2026-002\imagen_logica\DCIM\DCIM\Camera\IMG20260509124301.jpg","21/08/2026 3:15:43 p. m.","20/08/2026 6:48:18 a. m.","23/08/2026 2:43:52 p. m."
"C:\Users\gonza\AppData\Local\Temp\taller_forense_movil\CASO-2026-002\imagen_logica\DCIM\DCIM\Camera\IMG20260509124854.jpg","21/08/2026 3:15:43 p. m.","20/08/2026 6:48:01 a. m.","23/08/2026 2:43:52 p. m."
"C:\Users\gonza\AppData\Local\Temp\taller_forense_movil\CASO-2026-002\imagen_logica\DCIM\DCIM\Camera\IMG20260509130045.jpg","21/08/2026 3:15:43 p. m.","20/08/2026 6:48:33 a. m.","23/08/2026 2:43:52 p. m."
"C:\Users\gonza\AppData\Local\Temp\taller_forense_movil\CASO-2026-002\imagen_logica\DCIM\DCIM\Camera\IMG20260511123528.jpg","21/08/2026 3:15:43 p. m.","20/08/2026 6:48:34 a. m.","23/08/2026 2:43:52 p. m."
"C:\Users\gonza\AppData\Local\Temp\taller_forense_movil\CASO-2026-002\imagen_logica\DCIM\DCIM\Camera\IMG20260511123531.jpg","21/08/2026 3:15:43 p. m.","20/08/2026 6:48:18 a. m.","23/08/2026 2:43:52 p. m."
"C:\Users\gonza\AppData\Local\Temp\taller_forense_movil\CASO-2026-002\imagen_logica\DCIM\DCIM\Camera\IMG20260511123552.jpg","21/08/2026 3:15:43 p. m.","20/08/2026 6:48:18 a. m.","23/08/2026 2:43:52 p. m."
"C:\Users\gonza\AppData\Local\Temp\taller_forense_movil\CASO-2026-002\imagen_logica\DCIM\DCIM\Camera\IMG20260512122916.jpg","21/08/2026 3:15:43 p. m.","20/08/2026 6:48:02 a. m.","23/08/2026 2:43:52 p. m."
"C:\Users\gonza\AppData\Local\Temp\taller_forense_movil\CASO-2026-002\imagen_logica\DCIM\DCIM\Camera\IMG20260512122918.jpg","21/08/2026 3:15:43 p. m.","20/08/2026 6:47:44 a. m.","23/08/2026 2:43:52 p. m."
"C:\Users\gonza\AppData\Local\Temp\taller_forense_movil\CASO-2026-002\imagen_logica\DCIM\DCIM\Camera\IMG20260512122922.jpg","21/08/2026 3:15:43 p. m.","20/08/2026 6:48:47 a. m.","23/08/2026 2:43:52 p. m."
"C:\Users\gonza\AppData\Local\Temp\taller_forense_movil\CASO-2026-002\imagen_logica\DCIM\DCIM\Camera\IMG20260514174139.jpg","21/08/2026 3:15:43 p. m.","20/08/2026 6:48:19 a. m.","23/08/2026 2:43:52 p. m."
"C:\Users\gonza\AppData\Local\Temp\taller_forense_movil\CASO-2026-002\imagen_logica\DCIM\DCIM\Camera\IMG20260514174141.jpg","21/08/2026 3:15:43 p. m.","20/08/2026 6:49:03 a. m.","23/08/2026 2:43:52 p. m."
"C:\Users\gonza\AppData\Local\Temp\taller_forense_movil\CASO-2026-002\imagen_logica\DCIM\DCIM\Camera\IMG20260514174151.jpg","21/08/2026 3:15:43 p. m.","20/08/2026 6:48:48 a. m.","23/08/2026 2:43:52 p. m."
"C:\Users\gonza\AppData\Local\Temp\taller_forense_movil\CASO-2026-002\imagen_logica\DCIM\DCIM\Camera\IMG20260514184339.jpg","21/08/2026 3:15:43 p. m.","20/08/2026 6:49:03 a. m.","23/08/2026 2:43:52 p. m."
"C:\Users\gonza\AppData\Local\Temp\taller_forense_movil\CASO-2026-002\imagen_logica\DCIM\DCIM\Camera\IMG20260514184344.jpg","21/08/2026 3:15:43 p. m.","20/08/2026 6:48:19 a. m.","23/08/2026 2:43:52 p. m."
"C:\Users\gonza\AppData\Local\Temp\taller_forense_movil\CASO-2026-002\imagen_logica\DCIM\DCIM\Camera\IMG20260516213458.jpg","21/08/2026 3:15:43 p. m.","20/08/2026 6:48:48 a. m.","23/08/2026 2:43:52 p. m."
"C:\Users\gonza\AppData\Local\Temp\taller_forense_movil\CASO-2026-002\imagen_logica\DCIM\DCIM\Camera\IMG20260517124114.jpg","21/08/2026 3:15:43 p. m.","20/08/2026 6:48:02 a. m.","23/08/2026 2:43:53 p. m."
"C:\Users\gonza\AppData\Local\Temp\taller_forense_movil\CASO-2026-002\imagen_logica\DCIM\DCIM\Camera\IMG20260517124145.jpg","21/08/2026 3:15:43 p. m.","20/08/2026 6:47:49 a. m.","23/08/2026 2:43:53 p. m."
"C:\Users\gonza\AppData\Local\Temp\taller_forense_movil\CASO-2026-002\imagen_logica\DCIM\DCIM\Camera\IMG20260517124213.jpg","21/08/2026 3:15:43 p. m.","20/08/2026 6:49:04 a. m.","23/08/2026 2:43:53 p. m."
"C:\Users\gonza\AppData\Local\Temp\taller_forense_movil\CASO-2026-002\imagen_logica\DCIM\DCIM\Camera\IMG20260520112629.jpg","21/08/2026 3:15:43 p. m.","20/08/2026 6:47:49 a. m.","23/08/2026 2:43:53 p. m."
"C:\Users\gonza\AppData\Local\Temp\taller_forense_movil\CASO-2026-002\imagen_logica\DCIM\DCIM\Camera\IMG20260520112641.jpg","21/08/2026 3:15:43 p. m.","20/08/2026 6:48:19 a. m.","23/08/2026 2:43:53 p. m."
"C:\Users\gonza\AppData\Local\Temp\taller_forense_movil\CASO-2026-002\imagen_logica\DCIM\DCIM\Camera\IMG20260520112838.jpg","21/08/2026 3:15:43 p. m.","20/08/2026 6:48:49 a. m.","23/08/2026 2:43:53 p. m."
"C:\Users\gonza\AppData\Local\Temp\taller_forense_movil\CASO-2026-002\imagen_logica\DCIM\DCIM\Camera\IMG20260522145407.jpg","21/08/2026 3:15:43 p. m.","20/08/2026 6:49:04 a. m.","23/08/2026 2:43:53 p. m."
"C:\Users\gonza\AppData\Local\Temp\taller_forense_movil\CASO-2026-002\imagen_logica\DCIM\DCIM\Camera\IMG20260522152432.jpg","21/08/2026 3:15:43 p. m.","20/08/2026 6:48:01 a. m.","23/08/2026 2:43:53 p. m."
"C:\Users\gonza\AppData\Local\Temp\taller_forense_movil\CASO-2026-002\imagen_logica\DCIM\DCIM\Camera\IMG20260522175204.jpg","21/08/2026 3:15:43 p. m.","20/08/2026 6:48:49 a. m.","23/08/2026 2:43:53 p. m."
"C:\Users\gonza\AppData\Local\Temp\taller_forense_movil\CASO-2026-002\imagen_logica\DCIM\DCIM\Camera\IMG20260522175423.jpg","21/08/2026 3:15:43 p. m.","20/08/2026 6:48:01 a. m.","23/08/2026 2:43:53 p. m."
"C:\Users\gonza\AppData\Local\Temp\taller_forense_movil\CASO-2026-002\imagen_logica\DCIM\DCIM\Camera\IMG20260522181148.jpg","21/08/2026 3:15:43 p. m.","20/08/2026 6:48:02 a. m.","23/08/2026 2:43:53 p. m."
"C:\Users\gonza\AppData\Local\Temp\taller_forense_movil\CASO-2026-002\imagen_logica\DCIM\DCIM\Camera\IMG20260522181356.jpg","21/08/2026 3:15:43 p. m.","20/08/2026 6:49:04 a. m.","23/08/2026 2:43:53 p. m."
"C:\Users\gonza\AppData\Local\Temp\taller_forense_movil\CASO-2026-002\imagen_logica\DCIM\DCIM\Camera\IMG20260522181422.jpg","21/08/2026 3:15:43 p. m.","20/08/2026 6:47:43 a. m.","23/08/2026 2:43:53 p. m."
"C:\Users\gonza\AppData\Local\Temp\taller_forense_movil\CASO-2026-002\imagen_logica\DCIM\DCIM\Camera\IMG20260522181734.jpg","21/08/2026 3:15:43 p. m.","20/08/2026 6:49:04 a. m.","23/08/2026 2:43:53 p. m."
"C:\Users\gonza\AppData\Local\Temp\taller_forense_movil\CASO-2026-002\imagen_logica\DCIM\DCIM\Camera\IMG20260522182337.jpg","21/08/2026 3:15:43 p. m.","20/08/2026 6:47:49 a. m.","23/08/2026 2:43:53 p. m."
"C:\Users\gonza\AppData\Local\Temp\taller_forense_movil\CASO-2026-002\imagen_logica\DCIM\DCIM\Camera\IMG20260522183554.jpg","21/08/2026 3:15:43 p. m.","20/08/2026 6:47:49 a. m.","23/08/2026 2:43:53 p. m."
"C:\Users\gonza\AppData\Local\Temp\taller_forense_movil\CASO-2026-002\imagen_logica\DCIM\DCIM\Camera\IMG20260522183841.jpg","21/08/2026 3:15:43 p. m.","20/08/2026 6:47:49 a. m.","23/08/2026 2:43:53 p. m."
"C:\Users\gonza\AppData\Local\Temp\taller_forense_movil\CASO-2026-002\imagen_logica\DCIM\DCIM\Camera\IMG20260522185313.jpg","21/08/2026 3:15:43 p. m.","20/08/2026 6:48:02 a. m.","23/08/2026 2:43:53 p. m."
"C:\Users\gonza\AppData\Local\Temp\taller_forense_movil\CASO-2026-002\imagen_logica\DCIM\DCIM\Camera\IMG20260522185513.jpg","21/08/2026 3:15:43 p. m.","20/08/2026 6:48:19 a. m.","23/08/2026 2:43:53 p. m."
"C:\Users\gonza\AppData\Local\Temp\taller_forense_movil\CASO-2026-002\imagen_logica\DCIM\DCIM\Camera\IMG20260522190435.jpg","21/08/2026 3:15:43 p. m.","20/08/2026 6:49:04 a. m.","23/08/2026 2:43:53 p. m."
"C:\Users\gonza\AppData\Local\Temp\taller_forense_movil\CASO-2026-002\imagen_logica\DCIM\DCIM\Camera\IMG20260522192640.jpg","21/08/2026 3:15:43 p. m.","20/08/2026 6:48:19 a. m.","23/08/2026 2:43:53 p. m."
"C:\Users\gonza\AppData\Local\Temp\taller_forense_movil\CASO-2026-002\imagen_logica\DCIM\DCIM\Camera\IMG20260523074648.jpg","21/08/2026 3:15:43 p. m.","20/08/2026 6:48:02 a. m.","23/08/2026 2:43:53 p. m."
"C:\Users\gonza\AppData\Local\Temp\taller_forense_movil\CASO-2026-002\imagen_logica\DCIM\DCIM\Camera\IMG20260523074716.jpg","21/08/2026 3:15:43 p. m.","20/08/2026 6:48:02 a. m.","23/08/2026 2:43:53 p. m."
"C:\Users\gonza\AppData\Local\Temp\taller_forense_movil\CASO-2026-002\imagen_logica\DCIM\DCIM\Camera\IMG20260523091056.jpg","21/08/2026 3:15:43 p. m.","20/08/2026 6:49:04 a. m.","23/08/2026 2:43:53 p. m."
"C:\Users\gonza\AppData\Local\Temp\taller_forense_movil\CASO-2026-002\imagen_logica\DCIM\DCIM\Camera\IMG20260523091927.jpg","21/08/2026 3:15:43 p. m.","20/08/2026 6:47:49 a. m.","23/08/2026 2:43:53 p. m."
"C:\Users\gonza\AppData\Local\Temp\taller_forense_movil\CASO-2026-002\imagen_logica\DCIM\DCIM\Camera\IMG20260524164524.jpg","21/08/2026 3:15:43 p. m.","20/08/2026 6:49:04 a. m.","23/08/2026 2:43:53 p. m."
"C:\Users\gonza\AppData\Local\Temp\taller_forense_movil\CASO-2026-002\imagen_logica\DCIM\DCIM\Camera\IMG20260524164527.jpg","21/08/2026 3:15:43 p. m.","20/08/2026 6:47:49 a. m.","23/08/2026 2:43:53 p. m."
"C:\Users\gonza\AppData\Local\Temp\taller_forense_movil\CASO-2026-002\imagen_logica\DCIM\DCIM\Camera\IMG20260524164542.jpg","21/08/2026 3:15:43 p. m.","20/08/2026 6:48:02 a. m.","23/08/2026 2:43:53 p. m."
"C:\Users\gonza\AppData\Local\Temp\taller_forense_movil\CASO-2026-002\imagen_logica\DCIM\DCIM\Camera\IMG20260528161723.jpg","21/08/2026 3:15:43 p. m.","20/08/2026 6:49:05 a. m.","23/08/2026 2:43:53 p. m."
"C:\Users\gonza\AppData\Local\Temp\taller_forense_movil\CASO-2026-002\imagen_logica\DCIM\DCIM\Camera\IMG20260528161730.jpg","21/08/2026 3:15:43 p. m.","20/08/2026 6:47:49 a. m.","23/08/2026 2:43:53 p. m."
"C:\Users\gonza\AppData\Local\Temp\taller_forense_movil\CASO-2026-002\imagen_logica\DCIM\DCIM\Camera\IMG20260529140313.jpg","21/08/2026 3:15:43 p. m.","20/08/2026 6:48:19 a. m.","23/08/2026 2:43:53 p. m."
"C:\Users\gonza\AppData\Local\Temp\taller_forense_movil\CASO-2026-002\imagen_logica\DCIM\DCIM\Camera\IMG20260530073313.jpg","21/08/2026 3:15:43 p. m.","20/08/2026 6:48:19 a. m.","23/08/2026 2:43:53 p. m."
"C:\Users\gonza\AppData\Local\Temp\taller_forense_movil\CASO-2026-002\imagen_logica\DCIM\DCIM\Camera\IMG20260530170641.jpg","21/08/2026 3:15:43 p. m.","20/08/2026 6:48:49 a. m.","23/08/2026 2:43:53 p. m."
"C:\Users\gonza\AppData\Local\Temp\taller_forense_movil\CASO-2026-002\imagen_logica\DCIM\DCIM\Camera\IMG20260530170700.jpg","21/08/2026 3:15:43 p. m.","20/08/2026 6:48:01 a. m.","23/08/2026 2:43:53 p. m."
"C:\Users\gonza\AppData\Local\Temp\taller_forense_movil\CASO-2026-002\imagen_logica\DCIM\DCIM\Camera\IMG20260530170814.jpg","21/08/2026 3:15:43 p. m.","20/08/2026 6:47:50 a. m.","23/08/2026 2:43:54 p. m."
"C:\Users\gonza\AppData\Local\Temp\taller_forense_movil\CASO-2026-002\imagen_logica\DCIM\DCIM\Camera\IMG20260530170819.jpg","21/08/2026 3:15:43 p. m.","20/08/2026 6:48:49 a. m.","23/08/2026 2:43:54 p. m."
"C:\Users\gonza\AppData\Local\Temp\taller_forense_movil\CASO-2026-002\imagen_logica\DCIM\DCIM\Camera\IMG20260530170823.jpg","21/08/2026 3:15:43 p. m.","20/08/2026 6:48:02 a. m.","23/08/2026 2:43:54 p. m."
"C:\Users\gonza\AppData\Local\Temp\taller_forense_movil\CASO-2026-002\imagen_logica\DCIM\DCIM\Camera\IMG20260531143615.jpg","21/08/2026 3:15:43 p. m.","20/08/2026 6:48:20 a. m.","23/08/2026 2:43:54 p. m."
"C:\Users\gonza\AppData\Local\Temp\taller_forense_movil\CASO-2026-002\imagen_logica\DCIM\DCIM\Camera\IMG20260531143846.jpg","21/08/2026 3:15:43 p. m.","20/08/2026 6:48:20 a. m.","23/08/2026 2:43:54 p. m."
"C:\Users\gonza\AppData\Local\Temp\taller_forense_movil\CASO-2026-002\imagen_logica\DCIM\DCIM\Camera\IMG20260604161929.jpg","21/08/2026 3:15:43 p. m.","20/08/2026 6:48:02 a. m.","23/08/2026 2:43:54 p. m."
"C:\Users\gonza\AppData\Local\Temp\taller_forense_movil\CASO-2026-002\imagen_logica\DCIM\DCIM\Camera\IMG20260605182617.jpg","21/08/2026 3:15:43 p. m.","20/08/2026 6:48:49 a. m.","23/08/2026 2:43:54 p. m."
"C:\Users\gonza\AppData\Local\Temp\taller_forense_movil\CASO-2026-002\imagen_logica\DCIM\DCIM\Camera\IMG20260609145249.jpg","21/08/2026 3:15:43 p. m.","20/08/2026 6:48:34 a. m.","23/08/2026 2:43:54 p. m."
"C:\Users\gonza\AppData\Local\Temp\taller_forense_movil\CASO-2026-002\imagen_logica\DCIM\DCIM\Camera\IMG20260611143401.jpg","21/08/2026 3:15:43 p. m.","20/08/2026 6:48:18 a. m.","23/08/2026 2:43:54 p. m."
"C:\Users\gonza\AppData\Local\Temp\taller_forense_movil\CASO-2026-002\imagen_logica\DCIM\DCIM\Camera\IMG20260612142709.jpg","21/08/2026 3:15:43 p. m.","20/08/2026 6:48:57 a. m.","23/08/2026 2:43:54 p. m."
"C:\Users\gonza\AppData\Local\Temp\taller_forense_movil\CASO-2026-002\imagen_logica\DCIM\DCIM\Camera\IMG20260612142715.jpg","21/08/2026 3:15:43 p. m.","20/08/2026 6:48:49 a. m.","23/08/2026 2:43:54 p. m."
"C:\Users\gonza\AppData\Local\Temp\taller_forense_movil\CASO-2026-002\imagen_logica\DCIM\DCIM\Camera\IMG20260612142720.jpg","21/08/2026 3:15:43 p. m.","20/08/2026 6:49:05 a. m.","23/08/2026 2:43:54 p. m."
"C:\Users\gonza\AppData\Local\Temp\taller_forense_movil\CASO-2026-002\imagen_logica\DCIM\DCIM\Camera\IMG20260623174600.jpg","21/08/2026 3:15:43 p. m.","20/08/2026 6:48:20 a. m.","23/08/2026 2:43:54 p. m."
"C:\Users\gonza\AppData\Local\Temp\taller_forense_movil\CASO-2026-002\imagen_logica\DCIM\DCIM\Camera\IMG20260627074139.jpg","21/08/2026 3:15:43 p. m.","20/08/2026 6:48:20 a. m.","23/08/2026 2:43:54 p. m."
"C:\Users\gonza\AppData\Local\Temp\taller_forense_movil\CASO-2026-002\imagen_logica\DCIM\DCIM\Camera\IMG20260627103133.jpg","21/08/2026 3:15:43 p. m.","20/08/2026 6:48:21 a. m.","23/08/2026 2:43:54 p. m."
"C:\Users\gonza\AppData\Local\Temp\taller_forense_movil\CASO-2026-002\imagen_logica\DCIM\DCIM\Camera\IMG20260627151707.jpg","21/08/2026 3:15:43 p. m.","20/08/2026 6:48:34 a. m.","23/08/2026 2:43:54 p. m."
"C:\Users\gonza\AppData\Local\Temp\taller_forense_movil\CASO-2026-002\imagen_logica\DCIM\DCIM\Camera\IMG20260627151710.jpg","21/08/2026 3:15:43 p. m.","20/08/2026 6:48:20 a. m.","23/08/2026 2:43:54 p. m."
"C:\Users\gonza\AppData\Local\Temp\taller_forense_movil\CASO-2026-002\imagen_logica\DCIM\DCIM\Camera\IMG20260627151713.jpg","21/08/2026 3:15:43 p. m.","20/08/2026 6:48:21 a. m.","23/08/2026 2:43:54 p. m."
"C:\Users\gonza\AppData\Local\Temp\taller_forense_movil\CASO-2026-002\imagen_logica\DCIM\DCIM\Camera\IMG20260627151718.jpg","21/08/2026 3:15:43 p. m.","20/08/2026 6:48:50 a. m.","23/08/2026 2:43:54 p. m."
"C:\Users\gonza\AppData\Local\Temp\taller_forense_movil\CASO-2026-002\imagen_logica\DCIM\DCIM\Camera\IMG20260627151720.jpg","21/08/2026 3:15:43 p. m.","20/08/2026 6:48:21 a. m.","23/08/2026 2:43:54 p. m."
"C:\Users\gonza\AppData\Local\Temp\taller_forense_movil\CASO-2026-002\imagen_logica\DCIM\DCIM\Camera\IMG20260628085343.jpg","21/08/2026 3:15:43 p. m.","20/08/2026 6:48:50 a. m.","23/08/2026 2:43:54 p. m."
"C:\Users\gonza\AppData\Local\Temp\taller_forense_movil\CASO-2026-002\imagen_logica\DCIM\DCIM\Camera\IMG20260703081228.jpg","21/08/2026 3:15:43 p. m.","20/08/2026 6:48:02 a. m.","23/08/2026 2:43:54 p. m."
"C:\Users\gonza\AppData\Local\Temp\taller_forense_movil\CASO-2026-002\imagen_logica\DCIM\DCIM\Camera\IMG20260703081235.jpg","21/08/2026 3:15:43 p. m.","20/08/2026 6:48:50 a. m.","23/08/2026 2:43:54 p. m."
"C:\Users\gonza\AppData\Local\Temp\taller_forense_movil\CASO-2026-002\imagen_logica\DCIM\DCIM\Camera\IMG20260704151846.jpg","21/08/2026 3:15:43 p. m.","20/08/2026 6:48:57 a. m.","23/08/2026 2:43:54 p. m."
"C:\Users\gonza\AppData\Local\Temp\taller_forense_movil\CASO-2026-002\imagen_logica\DCIM\DCIM\Camera\IMG20260704151857.jpg","21/08/2026 3:15:43 p. m.","20/08/2026 6:48:20 a. m.","23/08/2026 2:43:54 p. m."
"C:\Users\gonza\AppData\Local\Temp\taller_forense_movil\CASO-2026-002\imagen_logica\DCIM\DCIM\Camera\IMG20260712154927.jpg","21/08/2026 3:15:43 p. m.","20/08/2026 6:49:04 a. m.","23/08/2026 2:43:54 p. m."
"C:\Users\gonza\AppData\Local\Temp\taller_forense_movil\CASO-2026-002\imagen_logica\DCIM\DCIM\Camera\IMG20260712154929.jpg","21/08/2026 3:15:43 p. m.","20/08/2026 6:48:21 a. m.","23/08/2026 2:43:54 p. m."
"C:\Users\gonza\AppData\Local\Temp\taller_forense_movil\CASO-2026-002\imagen_logica\DCIM\DCIM\Camera\IMG20260715180518.jpg","21/08/2026 3:15:43 p. m.","20/08/2026 6:49:05 a. m.","23/08/2026 2:43:54 p. m."
"C:\Users\gonza\AppData\Local\Temp\taller_forense_movil\CASO-2026-002\imagen_logica\DCIM\DCIM\Camera\IMG20260718101354.jpg","21/08/2026 3:15:43 p. m.","20/08/2026 6:48:49 a. m.","23/08/2026 2:43:54 p. m."
"C:\Users\gonza\AppData\Local\Temp\taller_forense_movil\CASO-2026-002\imagen_logica\DCIM\DCIM\Camera\IMG20260719170157.jpg","21/08/2026 3:15:43 p. m.","20/08/2026 6:48:03 a. m.","23/08/2026 2:43:54 p. m."
"C:\Users\gonza\AppData\Local\Temp\taller_forense_movil\CASO-2026-002\imagen_logica\DCIM\DCIM\Camera\IMG20260720140007.jpg","21/08/2026 3:15:43 p. m.","20/08/2026 6:48:21 a. m.","23/08/2026 2:43:54 p. m."
"C:\Users\gonza\AppData\Local\Temp\taller_forense_movil\CASO-2026-002\imagen_logica\DCIM\DCIM\Camera\IMG20260720143941.jpg","21/08/2026 3:15:43 p. m.","20/08/2026 6:49:03 a. m.","23/08/2026 2:43:54 p. m."
"C:\Users\gonza\AppData\Local\Temp\taller_forense_movil\CASO-2026-002\imagen_logica\DCIM\DCIM\Camera\IMG20260720144008.jpg","21/08/2026 3:15:43 p. m.","20/08/2026 6:48:03 a. m.","23/08/2026 2:43:54 p. m."
"C:\Users\gonza\AppData\Local\Temp\taller_forense_movil\CASO-2026-002\imagen_logica\DCIM\DCIM\Camera\IMG20260720144021.jpg","21/08/2026 3:15:43 p. m.","20/08/2026 6:48:03 a. m.","23/08/2026 2:43:54 p. m."
"C:\Users\gonza\AppData\Local\Temp\taller_forense_movil\CASO-2026-002\imagen_logica\DCIM\DCIM\Camera\IMG20260720144057.jpg","21/08/2026 3:15:43 p. m.","20/08/2026 6:48:03 a. m.","23/08/2026 2:43:54 p. m."
"C:\Users\gonza\AppData\Local\Temp\taller_forense_movil\CASO-2026-002\imagen_logica\DCIM\DCIM\Camera\IMG20260720144105.jpg","21/08/2026 3:15:43 p. m.","20/08/2026 6:48:03 a. m.","23/08/2026 2:43:55 p. m."
"C:\Users\gonza\AppData\Local\Temp\taller_forense_movil\CASO-2026-002\imagen_logica\DCIM\DCIM\Camera\IMG20260720144140.jpg","21/08/2026 3:15:43 p. m.","20/08/2026 6:48:50 a. m.","23/08/2026 2:43:55 p. m."
"C:\Users\gonza\AppData\Local\Temp\taller_forense_movil\CASO-2026-002\imagen_logica\DCIM\DCIM\Camera\IMG20260720144159.jpg","21/08/2026 3:15:43 p. m.","20/08/2026 6:48:34 a. m.","23/08/2026 2:43:55 p. m."
"C:\Users\gonza\AppData\Local\Temp\taller_forense_movil\CASO-2026-002\imagen_logica\DCIM\DCIM\Camera\IMG20260720144237.jpg","21/08/2026 3:15:43 p. m.","20/08/2026 6:48:21 a. m.","23/08/2026 2:43:55 p. m."
"C:\Users\gonza\AppData\Local\Temp\taller_forense_movil\CASO-2026-002\imagen_logica\DCIM\DCIM\Camera\IMG20260720144241.jpg","21/08/2026 3:15:43 p. m.","20/08/2026 6:48:03 a. m.","23/08/2026 2:43:55 p. m."
"C:\Users\gonza\AppData\Local\Temp\taller_forense_movil\CASO-2026-002\imagen_logica\DCIM\DCIM\Camera\IMG20260720144305.jpg","21/08/2026 3:15:43 p. m.","20/08/2026 6:48:03 a. m.","23/08/2026 2:43:55 p. m."
"C:\Users\gonza\AppData\Local\Temp\taller_forense_movil\CASO-2026-002\imagen_logica\DCIM\DCIM\Camera\IMG20260720144356.jpg","21/08/2026 3:15:43 p. m.","20/08/2026 6:48:57 a. m.","23/08/2026 2:43:55 p. m."
"C:\Users\gonza\AppData\Local\Temp\taller_forense_movil\CASO-2026-002\imagen_logica\DCIM\DCIM\Camera\IMG20260720144357.jpg","21/08/2026 3:15:43 p. m.","20/08/2026 6:48:45 a. m.","23/08/2026 2:43:55 p. m."
"C:\Users\gonza\AppData\Local\Temp\taller_forense_movil\CASO-2026-002\imagen_logica\DCIM\DCIM\Camera\IMG20260720144444.jpg","21/08/2026 3:15:43 p. m.","20/08/2026 6:48:46 a. m.","23/08/2026 2:43:55 p. m."
"C:\Users\gonza\AppData\Local\Temp\taller_forense_movil\CASO-2026-002\imagen_logica\DCIM\DCIM\Camera\IMG20260720144448.jpg","21/08/2026 3:15:43 p. m.","20/08/2026 6:48:46 a. m.","23/08/2026 2:43:55 p. m."
"C:\Users\gonza\AppData\Local\Temp\taller_forense_movil\CASO-2026-002\imagen_logica\DCIM\DCIM\Camera\IMG20260720144502_BURST001_COVER.jpg","21/08/2026 3:15:43 p. m.","20/08/2026 6:48:50 a. m.","23/08/2026 2:43:55 p. m."
"C:\Users\gonza\AppData\Local\Temp\taller_forense_movil\CASO-2026-002\imagen_logica\DCIM\DCIM\Camera\IMG20260720144504.jpg","21/08/2026 3:15:43 p. m.","20/08/2026 6:49:05 a. m.","23/08/2026 2:43:55 p. m."
"C:\Users\gonza\AppData\Local\Temp\taller_forense_movil\CASO-2026-002\imagen_logica\DCIM\DCIM\Camera\IMG20260720144526.jpg","21/08/2026 3:15:43 p. m.","20/08/2026 6:48:03 a. m.","23/08/2026 2:43:55 p. m."
"C:\Users\gonza\AppData\Local\Temp\taller_forense_movil\CASO-2026-002\imagen_logica\DCIM\DCIM\Camera\IMG20260720144530.jpg","21/08/2026 3:15:43 p. m.","20/08/2026 6:48:04 a. m.","23/08/2026 2:43:55 p. m."
"C:\Users\gonza\AppData\Local\Temp\taller_forense_movil\CASO-2026-002\imagen_logica\DCIM\DCIM\Camera\IMG20260720144534.jpg","21/08/2026 3:15:43 p. m.","20/08/2026 6:48:04 a. m.","23/08/2026 2:43:55 p. m."
"C:\Users\gonza\AppData\Local\Temp\taller_forense_movil\CASO-2026-002\imagen_logica\DCIM\DCIM\Camera\IMG20260720144739.jpg","21/08/2026 3:15:43 p. m.","20/08/2026 6:49:03 a. m.","23/08/2026 2:43:55 p. m."
"C:\Users\gonza\AppData\Local\Temp\taller_forense_movil\CASO-2026-002\imagen_logica\DCIM\DCIM\Camera\IMG20260720144741.jpg","21/08/2026 3:15:43 p. m.","20/08/2026 6:48:46 a. m.","23/08/2026 2:43:55 p. m."
"C:\Users\gonza\AppData\Local\Temp\taller_forense_movil\CASO-2026-002\imagen_logica\DCIM\DCIM\Camera\IMG20260720144745.jpg","21/08/2026 3:15:43 p. m.","20/08/2026 6:49:05 a. m.","23/08/2026 2:43:55 p. m."
"C:\Users\gonza\AppData\Local\Temp\taller_forense_movil\CASO-2026-002\imagen_logica\DCIM\DCIM\Camera\IMG20260720144813.jpg","21/08/2026 3:15:43 p. m.","20/08/2026 6:48:04 a. m.","23/08/2026 2:43:55 p. m."
"C:\Users\gonza\AppData\Local\Temp\taller_forense_movil\CASO-2026-002\imagen_logica\DCIM\DCIM\Camera\IMG20260720144814.jpg","21/08/2026 3:15:43 p. m.","20/08/2026 6:48:34 a. m.","23/08/2026 2:43:55 p. m."
"C:\Users\gonza\AppData\Local\Temp\taller_forense_movil\CASO-2026-002\imagen_logica\DCIM\DCIM\Camera\IMG20260720144835.jpg","21/08/2026 3:15:43 p. m.","20/08/2026 6:48:50 a. m.","23/08/2026 2:43:55 p. m."
"C:\Users\gonza\AppData\Local\Temp\taller_forense_movil\CASO-2026-002\imagen_logica\DCIM\DCIM\Camera\IMG20260720144839.jpg","21/08/2026 3:15:43 p. m.","20/08/2026 6:48:46 a. m.","23/08/2026 2:43:55 p. m."
"C:\Users\gonza\AppData\Local\Temp\taller_forense_movil\CASO-2026-002\imagen_logica\DCIM\DCIM\Camera\IMG20260720144901.jpg","21/08/2026 3:15:43 p. m.","20/08/2026 6:49:05 a. m.","23/08/2026 2:43:55 p. m."
"C:\Users\gonza\AppData\Local\Temp\taller_forense_movil\CASO-2026-002\imagen_logica\DCIM\DCIM\Camera\IMG20260720144905.jpg","21/08/2026 3:15:43 p. m.","20/08/2026 6:49:03 a. m.","23/08/2026 2:43:55 p. m."
"C:\Users\gonza\AppData\Local\Temp\taller_forense_movil\CASO-2026-002\imagen_logica\DCIM\DCIM\Camera\IMG20260720144940.jpg","21/08/2026 3:15:43 p. m.","20/08/2026 6:48:57 a. m.","23/08/2026 2:43:55 p. m."
"C:\Users\gonza\AppData\Local\Temp\taller_forense_movil\CASO-2026-002\imagen_logica\DCIM\DCIM\Camera\IMG20260720144946.jpg","21/08/2026 3:15:44 p. m.","20/08/2026 6:48:46 a. m.","23/08/2026 2:43:55 p. m."
"C:\Users\gonza\AppData\Local\Temp\taller_forense_movil\CASO-2026-002\imagen_logica\DCIM\DCIM\Camera\IMG20260720144959.jpg","21/08/2026 3:15:44 p. m.","20/08/2026 6:49:05 a. m.","23/08/2026 2:43:55 p. m."
"C:\Users\gonza\AppData\Local\Temp\taller_forense_movil\CASO-2026-002\imagen_logica\DCIM\DCIM\Camera\IMG20260720145000.jpg","21/08/2026 3:15:44 p. m.","20/08/2026 6:48:46 a. m.","23/08/2026 2:43:55 p. m."
"C:\Users\gonza\AppData\Local\Temp\taller_forense_movil\CASO-2026-002\imagen_logica\DCIM\DCIM\Camera\IMG20260720145002.jpg","21/08/2026 3:15:44 p. m.","20/08/2026 6:49:03 a. m.","23/08/2026 2:43:55 p. m."
"C:\Users\gonza\AppData\Local\Temp\taller_forense_movil\CASO-2026-002\imagen_logica\DCIM\DCIM\Camera\IMG20260720145343.jpg","21/08/2026 3:15:44 p. m.","20/08/2026 6:48:46 a. m.","23/08/2026 2:43:56 p. m."
"C:\Users\gonza\AppData\Local\Temp\taller_forense_movil\CASO-2026-002\imagen_logica\DCIM\DCIM\Camera\IMG20260720145345.jpg","21/08/2026 3:15:44 p. m.","20/08/2026 6:48:46 a. m.","23/08/2026 2:43:56 p. m."
"C:\Users\gonza\AppData\Local\Temp\taller_forense_movil\CASO-2026-002\imagen_logica\DCIM\DCIM\Camera\IMG20260720145348.jpg","21/08/2026 3:15:44 p. m.","20/08/2026 6:48:50 a. m.","23/08/2026 2:43:56 p. m."
"C:\Users\gonza\AppData\Local\Temp\taller_forense_movil\CASO-2026-002\imagen_logica\DCIM\DCIM\Camera\IMG20260723161423.jpg","21/08/2026 3:15:44 p. m.","20/08/2026 6:48:57 a. m.","23/08/2026 2:43:56 p. m."
"C:\Users\gonza\AppData\Local\Temp\taller_forense_movil\CASO-2026-002\imagen_logica\DCIM\DCIM\Camera\IMG20260725172215.jpg","21/08/2026 3:15:44 p. m.","20/08/2026 6:48:58 a. m.","23/08/2026 2:43:56 p. m."
"C:\Users\gonza\AppData\Local\Temp\taller_forense_movil\CASO-2026-002\imagen_logica\DCIM\DCIM\Camera\IMG20260802085738.jpg","21/08/2026 3:15:44 p. m.","20/08/2026 6:48:58 a. m.","23/08/2026 2:43:56 p. m."
"C:\Users\gonza\AppData\Local\Temp\taller_forense_movil\CASO-2026-002\imagen_logica\DCIM\DCIM\Camera\IMG20260802085741.jpg","21/08/2026 3:15:44 p. m.","20/08/2026 6:48:50 a. m.","23/08/2026 2:43:56 p. m."
"C:\Users\gonza\AppData\Local\Temp\taller_forense_movil\CASO-2026-002\imagen_logica\DCIM\DCIM\Camera\IMG20260808152313.jpg","21/08/2026 3:15:44 p. m.","20/08/2026 6:48:46 a. m.","23/08/2026 2:43:56 p. m."
"C:\Users\gonza\AppData\Local\Temp\taller_forense_movil\CASO-2026-002\imagen_logica\DCIM\DCIM\Camera\IMG20260808152319.jpg","21/08/2026 3:15:44 p. m.","20/08/2026 6:48:58 a. m.","23/08/2026 2:43:56 p. m."
"C:\Users\gonza\AppData\Local\Temp\taller_forense_movil\CASO-2026-002\imagen_logica\DCIM\DCIM\Camera\IMG20260808152322.jpg","21/08/2026 3:15:44 p. m.","20/08/2026 6:48:34 a. m.","23/08/2026 2:43:56 p. m."
"C:\Users\gonza\AppData\Local\Temp\taller_forense_movil\CASO-2026-002\imagen_logica\DCIM\DCIM\Camera\IMG20260808160957.jpg","21/08/2026 3:15:44 p. m.","20/08/2026 6:48:35 a. m.","23/08/2026 2:43:56 p. m."
"C:\Users\gonza\AppData\Local\Temp\taller_forense_movil\CASO-2026-002\imagen_logica\DCIM\DCIM\Camera\IMG20260808174720.jpg","21/08/2026 3:15:44 p. m.","20/08/2026 6:49:03 a. m.","23/08/2026 2:43:56 p. m."
"C:\Users\gonza\AppData\Local\Temp\taller_forense_movil\CASO-2026-002\imagen_logica\DCIM\DCIM\Camera\IMG20260808174721.jpg","21/08/2026 3:15:44 p. m.","20/08/2026 6:48:58 a. m.","23/08/2026 2:43:56 p. m."
"C:\Users\gonza\AppData\Local\Temp\taller_forense_movil\CASO-2026-002\imagen_logica\DCIM\DCIM\Camera\IMG20260808174732.jpg","21/08/2026 3:15:44 p. m.","20/08/2026 6:48:35 a. m.","23/08/2026 2:43:56 p. m."
"C:\Users\gonza\AppData\Local\Temp\taller_forense_movil\CASO-2026-002\imagen_logica\DCIM\DCIM\Camera\IMG20260808174733.jpg","21/08/2026 3:15:44 p. m.","20/08/2026 6:48:47 a. m.","23/08/2026 2:43:56 p. m."
"C:\Users\gonza\AppData\Local\Temp\taller_forense_movil\CASO-2026-002\imagen_logica\DCIM\DCIM\Camera\IMG20260809161641.jpg","21/08/2026 3:15:44 p. m.","20/08/2026 6:48:47 a. m.","23/08/2026 2:43:56 p. m."
"C:\Users\gonza\AppData\Local\Temp\taller_forense_movil\CASO-2026-002\imagen_logica\DCIM\DCIM\Camera\IMG20260813181151.jpg","21/08/2026 3:15:44 p. m.","20/08/2026 6:49:02 a. m.","23/08/2026 2:43:56 p. m."
"C:\Users\gonza\AppData\Local\Temp\taller_forense_movil\CASO-2026-002\imagen_logica\DCIM\DCIM\Camera\IMG20260813181220.jpg","21/08/2026 3:15:44 p. m.","20/08/2026 6:49:03 a. m.","23/08/2026 2:43:56 p. m."
"C:\Users\gonza\AppData\Local\Temp\taller_forense_movil\CASO-2026-002\imagen_logica\DCIM\DCIM\Camera\IMG20260816130543.jpg","21/08/2026 3:15:44 p. m.","20/08/2026 6:48:56 a. m.","23/08/2026 2:43:56 p. m."
"C:\Users\gonza\AppData\Local\Temp\taller_forense_movil\CASO-2026-002\imagen_logica\DCIM\DCIM\Camera\IMG20260816192902.jpg","21/08/2026 3:15:44 p. m.","20/08/2026 6:48:58 a. m.","23/08/2026 2:43:56 p. m."
"C:\Users\gonza\AppData\Local\Temp\taller_forense_movil\CASO-2026-002\imagen_logica\DCIM\DCIM\Camera\IMG20260816192904.jpg","21/08/2026 3:15:44 p. m.","20/08/2026 6:49:05 a. m.","23/08/2026 2:43:56 p. m."
"C:\Users\gonza\AppData\Local\Temp\taller_forense_movil\CASO-2026-002\imagen_logica\DCIM\DCIM\Camera\IMG20260816192908.jpg","21/08/2026 3:15:44 p. m.","20/08/2026 6:48:45 a. m.","23/08/2026 2:43:56 p. m."
"C:\Users\gonza\AppData\Local\Temp\taller_forense_movil\CASO-2026-002\imagen_logica\DCIM\DCIM\Camera\IMG20260816192910.jpg","21/08/2026 3:15:44 p. m.","20/08/2026 6:48:35 a. m.","23/08/2026 2:43:56 p. m."
"C:\Users\gonza\AppData\Local\Temp\taller_forense_movil\CASO-2026-002\imagen_logica\DCIM\DCIM\Camera\IMG20260816192915.jpg","21/08/2026 3:15:44 p. m.","20/08/2026 6:49:03 a. m.","23/08/2026 2:43:56 p. m."
"C:\Users\gonza\AppData\Local\Temp\taller_forense_movil\CASO-2026-002\imagen_logica\DCIM\DCIM\Camera\IMG20260816192918.jpg","21/08/2026 3:15:44 p. m.","20/08/2026 6:48:35 a. m.","23/08/2026 2:43:56 p. m."
"C:\Users\gonza\AppData\Local\Temp\taller_forense_movil\CASO-2026-002\imagen_logica\DCIM\DCIM\Camera\IMG20260816192921.jpg","21/08/2026 3:15:44 p. m.","20/08/2026 6:49:06 a. m.","23/08/2026 2:43:56 p. m."
"C:\Users\gonza\AppData\Local\Temp\taller_forense_movil\CASO-2026-002\imagen_logica\DCIM\DCIM\Camera\IMG20260816192923.jpg","21/08/2026 3:15:44 p. m.","20/08/2026 6:49:03 a. m.","23/08/2026 2:43:56 p. m."
"C:\Users\gonza\AppData\Local\Temp\taller_forense_movil\CASO-2026-002\imagen_logica\DCIM\DCIM\Camera\IMG20260816192925.jpg","21/08/2026 3:15:44 p. m.","20/08/2026 6:49:05 a. m.","23/08/2026 2:43:56 p. m."
"C:\Users\gonza\AppData\Local\Temp\taller_forense_movil\CASO-2026-002\imagen_logica\DCIM\DCIM\Camera\IMG20260816192931.jpg","21/08/2026 3:15:44 p. m.","20/08/2026 6:48:45 a. m.","23/08/2026 2:43:56 p. m."
"C:\Users\gonza\AppData\Local\Temp\taller_forense_movil\CASO-2026-002\imagen_logica\DCIM\DCIM\Camera\IMG_20251218_190003.jpg","21/08/2026 3:15:44 p. m.","20/08/2026 6:47:21 a. m.","23/08/2026 2:01:03 p. m."
"C:\Users\gonza\AppData\Local\Temp\taller_forense_movil\CASO-2026-002\imagen_logica\DCIM\DCIM\Camera\IMG_20260321_162706.jpg","21/08/2026 3:15:44 p. m.","20/08/2026 6:47:59 a. m.","23/08/2026 2:01:03 p. m."
"C:\Users\gonza\AppData\Local\Temp\taller_forense_movil\CASO-2026-002\imagen_logica\DCIM\DCIM\Camera\IMG_20260522_183059.jpg","21/08/2026 3:15:44 p. m.","20/08/2026 6:48:13 a. m.","23/08/2026 2:03:00 p. m."
"C:\Users\gonza\AppData\Local\Temp\taller_forense_movil\CASO-2026-002\imagen_logica\DCIM\DCIM\Camera\IMG_20260601_122927.jpg","21/08/2026 3:15:44 p. m.","20/08/2026 6:49:05 a. m.","23/08/2026 2:01:03 p. m."
"C:\Users\gonza\AppData\Local\Temp\taller_forense_movil\CASO-2026-002\imagen_logica\DCIM\DCIM\Camera\IMG_20260601_122946.jpg","21/08/2026 3:15:44 p. m.","20/08/2026 6:47:50 a. m.","23/08/2026 2:01:03 p. m."
"C:\Users\gonza\AppData\Local\Temp\taller_forense_movil\CASO-2026-002\imagen_logica\DCIM\DCIM\Camera\IMG_20260604_071144.jpg","21/08/2026 3:15:44 p. m.","20/08/2026 6:47:50 a. m.","23/08/2026 2:01:03 p. m."
"C:\Users\gonza\AppData\Local\Temp\taller_forense_movil\CASO-2026-002\imagen_logica\DCIM\DCIM\Camera\IMG_20260604_071259.jpg","21/08/2026 3:15:44 p. m.","20/08/2026 6:48:02 a. m.","23/08/2026 2:01:03 p. m."
"C:\Users\gonza\AppData\Local\Temp\taller_forense_movil\CASO-2026-002\imagen_logica\DCIM\DCIM\Camera\IMG_20260723_162819.jpg","21/08/2026 3:15:44 p. m.","20/08/2026 6:48:46 a. m.","23/08/2026 2:01:03 p. m."
"C:\Users\gonza\AppData\Local\Temp\taller_forense_movil\CASO-2026-002\imagen_logica\DCIM\DCIM\Camera\lv_0_20260814194826.mp4","21/08/2026 3:15:44 p. m.","20/08/2026 6:48:45 a. m.","23/08/2026 2:43:57 p. m."
"C:\Users\gonza\AppData\Local\Temp\taller_forense_movil\CASO-2026-002\imagen_logica\DCIM\DCIM\Camera\VID-20251207-WA0217.mp4","21/08/2026 3:15:44 p. m.","20/08/2026 6:47:20 a. m.","23/08/2026 2:43:57 p. m."
"C:\Users\gonza\AppData\Local\Temp\taller_forense_movil\CASO-2026-002\imagen_logica\DCIM\DCIM\Camera\VID20251108132651.mp4","21/08/2026 3:15:44 p. m.","20/08/2026 6:46:56 a. m.","23/08/2026 2:43:57 p. m."
"C:\Users\gonza\AppData\Local\Temp\taller_forense_movil\CASO-2026-002\imagen_logica\DCIM\DCIM\Camera\VID20251109131421.mp4","21/08/2026 3:15:44 p. m.","20/08/2026 6:47:09 a. m.","23/08/2026 2:43:57 p. m."
"C:\Users\gonza\AppData\Local\Temp\taller_forense_movil\CASO-2026-002\imagen_logica\DCIM\DCIM\Camera\VID20251109131936.mp4","21/08/2026 3:15:44 p. m.","20/08/2026 6:47:10 a. m.","23/08/2026 2:43:57 p. m."
"C:\Users\gonza\AppData\Local\Temp\taller_forense_movil\CASO-2026-002\imagen_logica\DCIM\DCIM\Camera\VID20251109132046.mp4","21/08/2026 3:15:44 p. m.","20/08/2026 6:47:11 a. m.","23/08/2026 2:43:57 p. m."
"C:\Users\gonza\AppData\Local\Temp\taller_forense_movil\CASO-2026-002\imagen_logica\DCIM\DCIM\Camera\VID20251109134847.mp4","21/08/2026 3:15:44 p. m.","20/08/2026 6:47:15 a. m.","23/08/2026 2:43:57 p. m."
"C:\Users\gonza\AppData\Local\Temp\taller_forense_movil\CASO-2026-002\imagen_logica\DCIM\DCIM\Camera\VID20251126081914.mp4","21/08/2026 3:15:44 p. m.","20/08/2026 6:46:52 a. m.","23/08/2026 2:43:57 p. m."
"C:\Users\gonza\AppData\Local\Temp\taller_forense_movil\CASO-2026-002\imagen_logica\DCIM\DCIM\Camera\VID20251126142901.mp4","21/08/2026 3:15:44 p. m.","20/08/2026 6:47:19 a. m.","23/08/2026 2:43:57 p. m."
"C:\Users\gonza\AppData\Local\Temp\taller_forense_movil\CASO-2026-002\imagen_logica\DCIM\DCIM\Camera\VID20251126142919.mp4","21/08/2026 3:15:44 p. m.","20/08/2026 6:47:19 a. m.","23/08/2026 2:43:57 p. m."
"C:\Users\gonza\AppData\Local\Temp\taller_forense_movil\CASO-2026-002\imagen_logica\DCIM\DCIM\Camera\VID20251130202354.mp4","21/08/2026 3:15:44 p. m.","20/08/2026 6:46:54 a. m.","23/08/2026 2:43:57 p. m."
"C:\Users\gonza\AppData\Local\Temp\taller_forense_movil\CASO-2026-002\imagen_logica\DCIM\DCIM\Camera\VID20260111114008.mp4","21/08/2026 3:15:44 p. m.","20/08/2026 6:48:05 a. m.","23/08/2026 2:43:57 p. m."
"C:\Users\gonza\AppData\Local\Temp\taller_forense_movil\CASO-2026-002\imagen_logica\DCIM\DCIM\Camera\VID20260116135056.mp4","21/08/2026 3:15:44 p. m.","20/08/2026 6:48:22 a. m.","23/08/2026 2:43:57 p. m."
"C:\Users\gonza\AppData\Local\Temp\taller_forense_movil\CASO-2026-002\imagen_logica\DCIM\DCIM\Camera\VID20260116135117.mp4","21/08/2026 3:15:44 p. m.","20/08/2026 6:48:05 a. m.","23/08/2026 2:43:57 p. m."
"C:\Users\gonza\AppData\Local\Temp\taller_forense_movil\CASO-2026-002\imagen_logica\DCIM\DCIM\Camera\VID20260119202226.mp4","21/08/2026 3:15:44 p. m.","20/08/2026 6:47:28 a. m.","23/08/2026 2:43:57 p. m."
"C:\Users\gonza\AppData\Local\Temp\taller_forense_movil\CASO-2026-002\imagen_logica\DCIM\DCIM\Camera\VID20260121154135.mp4","21/08/2026 3:15:44 p. m.","20/08/2026 6:48:26 a. m.","23/08/2026 2:43:57 p. m."
"C:\Users\gonza\AppData\Local\Temp\taller_forense_movil\CASO-2026-002\imagen_logica\DCIM\DCIM\Camera\VID20260121154401.mp4","21/08/2026 3:15:44 p. m.","20/08/2026 6:47:54 a. m.","23/08/2026 2:43:57 p. m."
"C:\Users\gonza\AppData\Local\Temp\taller_forense_movil\CASO-2026-002\imagen_logica\DCIM\DCIM\Camera\VID20260121154544.mp4","21/08/2026 3:15:44 p. m.","20/08/2026 6:47:35 a. m.","23/08/2026 2:43:57 p. m."
"C:\Users\gonza\AppData\Local\Temp\taller_forense_movil\CASO-2026-002\imagen_logica\DCIM\DCIM\Camera\VID20260213134226.mp4","21/08/2026 3:15:44 p. m.","20/08/2026 6:48:27 a. m.","23/08/2026 2:43:57 p. m."
"C:\Users\gonza\AppData\Local\Temp\taller_forense_movil\CASO-2026-002\imagen_logica\DCIM\DCIM\Camera\VID20260215113700.mp4","21/08/2026 3:15:44 p. m.","20/08/2026 6:47:55 a. m.","23/08/2026 2:43:57 p. m."
"C:\Users\gonza\AppData\Local\Temp\taller_forense_movil\CASO-2026-002\imagen_logica\DCIM\DCIM\Camera\VID20260215113710.mp4","21/08/2026 3:15:44 p. m.","20/08/2026 6:48:27 a. m.","23/08/2026 2:43:57 p. m."
"C:\Users\gonza\AppData\Local\Temp\taller_forense_movil\CASO-2026-002\imagen_logica\DCIM\DCIM\Camera\VID20260306133725.mp4","21/08/2026 3:15:44 p. m.","20/08/2026 6:47:56 a. m.","23/08/2026 2:43:57 p. m."
"C:\Users\gonza\AppData\Local\Temp\taller_forense_movil\CASO-2026-002\imagen_logica\DCIM\DCIM\Camera\VID20260325162539.mp4","21/08/2026 3:15:44 p. m.","20/08/2026 6:48:00 a. m.","23/08/2026 2:43:57 p. m."
"C:\Users\gonza\AppData\Local\Temp\taller_forense_movil\CASO-2026-002\imagen_logica\DCIM\DCIM\Camera\VID20260325162614.mp4","21/08/2026 3:15:44 p. m.","20/08/2026 6:48:09 a. m.","23/08/2026 2:43:57 p. m."
"C:\Users\gonza\AppData\Local\Temp\taller_forense_movil\CASO-2026-002\imagen_logica\DCIM\DCIM\Camera\VID20260404210916.mp4","21/08/2026 3:15:44 p. m.","20/08/2026 6:47:40 a. m.","23/08/2026 2:43:57 p. m."
"C:\Users\gonza\AppData\Local\Temp\taller_forense_movil\CASO-2026-002\imagen_logica\DCIM\DCIM\Camera\VID20260405104714.mp4","21/08/2026 3:15:44 p. m.","20/08/2026 6:47:40 a. m.","23/08/2026 2:43:58 p. m."
"C:\Users\gonza\AppData\Local\Temp\taller_forense_movil\CASO-2026-002\imagen_logica\DCIM\DCIM\Camera\VID20260405110513.mp4","21/08/2026 3:15:44 p. m.","20/08/2026 6:48:11 a. m.","23/08/2026 2:43:58 p. m."
"C:\Users\gonza\AppData\Local\Temp\taller_forense_movil\CASO-2026-002\imagen_logica\DCIM\DCIM\Camera\VID20260405112724.mp4","21/08/2026 3:15:44 p. m.","20/08/2026 6:47:58 a. m.","23/08/2026 2:43:58 p. m."
"C:\Users\gonza\AppData\Local\Temp\taller_forense_movil\CASO-2026-002\imagen_logica\DCIM\DCIM\Camera\VID20260405124941.mp4","21/08/2026 3:15:45 p. m.","20/08/2026 6:47:43 a. m.","23/08/2026 2:43:58 p. m."
"C:\Users\gonza\AppData\Local\Temp\taller_forense_movil\CASO-2026-002\imagen_logica\DCIM\DCIM\Camera\VID20260405182913.mp4","21/08/2026 3:15:45 p. m.","20/08/2026 6:48:12 a. m.","23/08/2026 2:43:58 p. m."
"C:\Users\gonza\AppData\Local\Temp\taller_forense_movil\CASO-2026-002\imagen_logica\DCIM\DCIM\Camera\VID20260426202555.mp4","21/08/2026 3:15:45 p. m.","20/08/2026 6:48:18 a. m.","23/08/2026 2:43:58 p. m."
"C:\Users\gonza\AppData\Local\Temp\taller_forense_movil\CASO-2026-002\imagen_logica\DCIM\DCIM\Camera\VID20260507141023.mp4","21/08/2026 3:15:45 p. m.","20/08/2026 6:48:29 a. m.","23/08/2026 2:43:58 p. m."
"C:\Users\gonza\AppData\Local\Temp\taller_forense_movil\CASO-2026-002\imagen_logica\DCIM\DCIM\Camera\VID20260515101106.mp4","21/08/2026 3:15:45 p. m.","20/08/2026 6:48:48 a. m.","23/08/2026 2:43:58 p. m."
"C:\Users\gonza\AppData\Local\Temp\taller_forense_movil\CASO-2026-002\imagen_logica\DCIM\DCIM\Camera\VID20260515101238.mp4","21/08/2026 3:15:45 p. m.","20/08/2026 6:47:47 a. m.","23/08/2026 2:43:58 p. m."
"C:\Users\gonza\AppData\Local\Temp\taller_forense_movil\CASO-2026-002\imagen_logica\DCIM\DCIM\Camera\VID20260515101307.mp4","21/08/2026 3:15:45 p. m.","20/08/2026 6:47:46 a. m.","23/08/2026 2:43:58 p. m."
"C:\Users\gonza\AppData\Local\Temp\taller_forense_movil\CASO-2026-002\imagen_logica\DCIM\DCIM\Camera\VID20260515101453.mp4","21/08/2026 3:15:45 p. m.","20/08/2026 6:48:19 a. m.","23/08/2026 2:43:58 p. m."
"C:\Users\gonza\AppData\Local\Temp\taller_forense_movil\CASO-2026-002\imagen_logica\DCIM\DCIM\Camera\VID20260515140419.mp4","21/08/2026 3:15:45 p. m.","20/08/2026 6:47:49 a. m.","23/08/2026 2:43:58 p. m."
"C:\Users\gonza\AppData\Local\Temp\taller_forense_movil\CASO-2026-002\imagen_logica\DCIM\DCIM\Camera\VID20260517124101.mp4","21/08/2026 3:15:45 p. m.","20/08/2026 6:47:49 a. m.","23/08/2026 2:43:58 p. m."
"C:\Users\gonza\AppData\Local\Temp\taller_forense_movil\CASO-2026-002\imagen_logica\DCIM\DCIM\Camera\VID20260517124117.mp4","21/08/2026 3:15:45 p. m.","20/08/2026 6:48:49 a. m.","23/08/2026 2:43:58 p. m."
"C:\Users\gonza\AppData\Local\Temp\taller_forense_movil\CASO-2026-002\imagen_logica\DCIM\DCIM\Camera\VID20260518070719.mp4","21/08/2026 3:15:45 p. m.","20/08/2026 6:49:04 a. m.","23/08/2026 2:43:58 p. m."
"C:\Users\gonza\AppData\Local\Temp\taller_forense_movil\CASO-2026-002\imagen_logica\DCIM\DCIM\Camera\VID20260613153721.mp4","21/08/2026 3:15:45 p. m.","20/08/2026 6:48:20 a. m.","23/08/2026 2:43:58 p. m."
"C:\Users\gonza\AppData\Local\Temp\taller_forense_movil\CASO-2026-002\imagen_logica\DCIM\DCIM\Camera\VID20260720143912.mp4","21/08/2026 3:15:45 p. m.","20/08/2026 6:48:57 a. m.","23/08/2026 2:43:58 p. m."
"C:\Users\gonza\AppData\Local\Temp\taller_forense_movil\CASO-2026-002\imagen_logica\DCIM\DCIM\Camera\VID20260720144114.mp4","21/08/2026 3:15:45 p. m.","20/08/2026 6:48:34 a. m.","23/08/2026 2:43:58 p. m."
"C:\Users\gonza\AppData\Local\Temp\taller_forense_movil\CASO-2026-002\imagen_logica\DCIM\DCIM\Camera\VID20260808152404.mp4","21/08/2026 3:15:45 p. m.","20/08/2026 6:48:52 a. m.","23/08/2026 2:43:58 p. m."
"C:\Users\gonza\AppData\Local\Temp\taller_forense_movil\CASO-2026-002\imagen_logica\DCIM\DCIM\Camera\VID20260808152635.mp4","21/08/2026 3:15:45 p. m.","20/08/2026 6:48:47 a. m.","23/08/2026 2:43:58 p. m."
"C:\Users\gonza\AppData\Local\Temp\taller_forense_movil\CASO-2026-002\imagen_logica\DCIM\DCIM\Camera\VID20260808152653.mp4","21/08/2026 3:15:45 p. m.","20/08/2026 6:49:02 a. m.","23/08/2026 2:43:58 p. m."
"C:\Users\gonza\AppData\Local\Temp\taller_forense_movil\CASO-2026-002\imagen_logica\DCIM\DCIM\Camera\VID20260808152801.mp4","21/08/2026 3:15:45 p. m.","20/08/2026 6:48:56 a. m.","23/08/2026 2:43:58 p. m."
"C:\Users\gonza\AppData\Local\Temp\taller_forense_movil\CASO-2026-002\imagen_logica\DCIM\DCIM\Camera\VID20260813190311.mp4","21/08/2026 3:15:45 p. m.","20/08/2026 6:49:02 a. m.","23/08/2026 2:43:58 p. m."
"C:\Users\gonza\AppData\Local\Temp\taller_forense_movil\CASO-2026-002\imagen_logica\DCIM\DCIM\Camera\VID20260813190329.mp4","21/08/2026 3:15:45 p. m.","20/08/2026 6:48:56 a. m.","23/08/2026 2:43:58 p. m."
"C:\Users\gonza\AppData\Local\Temp\taller_forense_movil\CASO-2026-002\imagen_logica\DCIM\DCIM\Camera\VID20260816192958.mp4","21/08/2026 3:15:45 p. m.","20/08/2026 6:49:01 a. m.","23/08/2026 2:43:59 p. m."
"C:\Users\gonza\AppData\Local\Temp\taller_forense_movil\CASO-2026-002\imagen_logica\DCIM\DCIM\Camera\Cshot\1762711989244\IMG20251109131309_BURST001_COVER.jpg","21/08/2026 3:15:45 p. m.","20/08/2026 6:49:06 a. m.","23/08/2026 2:43:35 p. m."
"C:\Users\gonza\AppData\Local\Temp\taller_forense_movil\CASO-2026-002\imagen_logica\DCIM\DCIM\Camera\Cshot\1762711989244\IMG20251109131309_BURST002.jpg","21/08/2026 3:15:45 p. m.","20/08/2026 6:49:06 a. m.","23/08/2026 2:43:35 p. m."
"C:\Users\gonza\AppData\Local\Temp\taller_forense_movil\CASO-2026-002\imagen_logica\DCIM\DCIM\Camera\Cshot\1762711989244\IMG20251109131309_BURST003.jpg","21/08/2026 3:15:45 p. m.","20/08/2026 6:49:06 a. m.","23/08/2026 2:43:35 p. m."
"C:\Users\gonza\AppData\Local\Temp\taller_forense_movil\CASO-2026-002\imagen_logica\DCIM\DCIM\Camera\Cshot\1766627652845\IMG20251224205412_BURST001_COVER.jpg","21/08/2026 3:15:45 p. m.","20/08/2026 6:49:06 a. m.","23/08/2026 2:43:35 p. m."
"C:\Users\gonza\AppData\Local\Temp\taller_forense_movil\CASO-2026-002\imagen_logica\DCIM\DCIM\Camera\Cshot\1766627652845\IMG20251224205412_BURST002.jpg","21/08/2026 3:15:45 p. m.","20/08/2026 6:49:06 a. m.","23/08/2026 2:43:35 p. m."
"C:\Users\gonza\AppData\Local\Temp\taller_forense_movil\CASO-2026-002\imagen_logica\DCIM\DCIM\Camera\Cshot\1766627652845\IMG20251224205412_BURST003.jpg","21/08/2026 3:15:45 p. m.","20/08/2026 6:49:06 a. m.","23/08/2026 2:43:35 p. m."
"C:\Users\gonza\AppData\Local\Temp\taller_forense_movil\CASO-2026-002\imagen_logica\DCIM\DCIM\Camera\Cshot\1766627652845\IMG20251224205412_BURST004.jpg","21/08/2026 3:15:45 p. m.","20/08/2026 6:49:06 a. m.","23/08/2026 2:43:35 p. m."
"C:\Users\gonza\AppData\Local\Temp\taller_forense_movil\CASO-2026-002\imagen_logica\DCIM\DCIM\Camera\Cshot\1766627652845\IMG20251224205412_BURST005.jpg","21/08/2026 3:15:45 p. m.","20/08/2026 6:49:06 a. m.","23/08/2026 2:43:36 p. m."
"C:\Users\gonza\AppData\Local\Temp\taller_forense_movil\CASO-2026-002\imagen_logica\DCIM\DCIM\Camera\Cshot\1766627652845\IMG20251224205412_BURST006.jpg","21/08/2026 3:15:45 p. m.","20/08/2026 6:49:06 a. m.","23/08/2026 2:43:36 p. m."
"C:\Users\gonza\AppData\Local\Temp\taller_forense_movil\CASO-2026-002\imagen_logica\DCIM\DCIM\Camera\Cshot\1766627652845\IMG20251224205412_BURST007.jpg","21/08/2026 3:15:45 p. m.","20/08/2026 6:49:06 a. m.","23/08/2026 2:43:36 p. m."
"C:\Users\gonza\AppData\Local\Temp\taller_forense_movil\CASO-2026-002\imagen_logica\DCIM\DCIM\Camera\Cshot\1766627652845\IMG20251224205412_BURST008.jpg","21/08/2026 3:15:45 p. m.","20/08/2026 6:49:06 a. m.","23/08/2026 2:43:36 p. m."
"C:\Users\gonza\AppData\Local\Temp\taller_forense_movil\CASO-2026-002\imagen_logica\DCIM\DCIM\Camera\Cshot\1766627652845\IMG20251224205412_BURST009.jpg","21/08/2026 3:15:45 p. m.","20/08/2026 6:49:06 a. m.","23/08/2026 2:43:36 p. m."
"C:\Users\gonza\AppData\Local\Temp\taller_forense_movil\CASO-2026-002\imagen_logica\DCIM\DCIM\Camera\Cshot\1766627652845\IMG20251224205412_BURST010.jpg","21/08/2026 3:15:45 p. m.","20/08/2026 6:49:06 a. m.","23/08/2026 2:43:36 p. m."
"C:\Users\gonza\AppData\Local\Temp\taller_forense_movil\CASO-2026-002\imagen_logica\DCIM\DCIM\Camera\Cshot\1766627652845\IMG20251224205412_BURST011.jpg","21/08/2026 3:15:45 p. m.","20/08/2026 6:49:06 a. m.","23/08/2026 2:43:36 p. m."
"C:\Users\gonza\AppData\Local\Temp\taller_forense_movil\CASO-2026-002\imagen_logica\DCIM\DCIM\CamScanner\CamScanner 04-03-2026 12.54.jpg","21/08/2026 3:15:45 p. m.","20/08/2026 6:46:48 a. m.","23/08/2026 2:43:59 p. m."
"C:\Users\gonza\AppData\Local\Temp\taller_forense_movil\CASO-2026-002\imagen_logica\DCIM\DCIM\CamScanner\CamScanner 04-03-2026 12.55.jpg","21/08/2026 3:15:45 p. m.","20/08/2026 6:46:48 a. m.","23/08/2026 2:43:59 p. m."
"C:\Users\gonza\AppData\Local\Temp\taller_forense_movil\CASO-2026-002\imagen_logica\DCIM\DCIM\CamScanner\CamScanner 04-03-2026 12.58_1.jpg","21/08/2026 3:15:45 p. m.","20/08/2026 6:46:48 a. m.","23/08/2026 2:43:59 p. m."
"C:\Users\gonza\AppData\Local\Temp\taller_forense_movil\CASO-2026-002\imagen_logica\DCIM\DCIM\CamScanner\CamScanner 04-03-2026 12.58_2.jpg","21/08/2026 3:15:45 p. m.","20/08/2026 6:46:48 a. m.","23/08/2026 2:43:59 p. m."
"C:\Users\gonza\AppData\Local\Temp\taller_forense_movil\CASO-2026-002\imagen_logica\DCIM\DCIM\CamScanner\certificado de estudio .jpg","21/08/2026 3:15:45 p. m.","20/08/2026 6:46:48 a. m.","23/08/2026 2:43:59 p. m."
"C:\Users\gonza\AppData\Local\Temp\taller_forense_movil\CASO-2026-002\imagen_logica\DCIM\DCIM\CamScanner\Curso de Conducción pago 1.jpg","21/08/2026 3:15:45 p. m.","20/08/2026 6:46:48 a. m.","23/08/2026 2:43:59 p. m."
"C:\Users\gonza\AppData\Local\Temp\taller_forense_movil\CASO-2026-002\imagen_logica\DCIM\DCIM\CamScanner\justificación de inasistencia por citas médicas.jpg","21/08/2026 3:15:45 p. m.","20/08/2026 6:46:48 a. m.","23/08/2026 2:43:59 p. m."
"C:\Users\gonza\AppData\Local\Temp\taller_forense_movil\CASO-2026-002\imagen_logica\DCIM\DCIM\CamScanner\pago con cesantías .jpg","21/08/2026 3:15:45 p. m.","20/08/2026 6:46:48 a. m.","23/08/2026 2:43:59 p. m."
"C:\Users\gonza\AppData\Local\Temp\taller_forense_movil\CASO-2026-002\imagen_logica\DCIM\DCIM\CamScanner\póliza de seguro .jpg","21/08/2026 3:15:45 p. m.","20/08/2026 6:46:48 a. m.","23/08/2026 2:43:59 p. m."
"C:\Users\gonza\AppData\Local\Temp\taller_forense_movil\CASO-2026-002\imagen_logica\DCIM\DCIM\CamScanner\póliza sonda .jpg","21/08/2026 3:15:45 p. m.","20/08/2026 6:46:48 a. m.","23/08/2026 2:43:59 p. m."
"C:\Users\gonza\AppData\Local\Temp\taller_forense_movil\CASO-2026-002\imagen_logica\DCIM\DCIM\Facebook\FB_IMG_1781394925856.jpg","21/08/2026 3:15:45 p. m.","20/08/2026 6:46:48 a. m.","23/08/2026 2:43:59 p. m."
"C:\Users\gonza\AppData\Local\Temp\taller_forense_movil\CASO-2026-002\imagen_logica\DCIM\DCIM\Facebook\FB_IMG_1784909771036.jpg","21/08/2026 3:15:45 p. m.","20/08/2026 6:46:48 a. m.","23/08/2026 2:43:59 p. m."
"C:\Users\gonza\AppData\Local\Temp\taller_forense_movil\CASO-2026-002\imagen_logica\DCIM\DCIM\Facebook\FB_IMG_1784909777812.jpg","21/08/2026 3:15:45 p. m.","20/08/2026 6:46:48 a. m.","23/08/2026 2:43:59 p. m."
"C:\Users\gonza\AppData\Local\Temp\taller_forense_movil\CASO-2026-002\imagen_logica\DCIM\DCIM\Facebook\FB_IMG_1784909792611.jpg","21/08/2026 3:15:45 p. m.","20/08/2026 6:46:48 a. m.","23/08/2026 2:43:59 p. m."
"C:\Users\gonza\AppData\Local\Temp\taller_forense_movil\CASO-2026-002\imagen_logica\DCIM\DCIM\Facebook\FB_IMG_1784909818155.jpg","21/08/2026 3:15:45 p. m.","20/08/2026 6:46:48 a. m.","23/08/2026 2:43:59 p. m."
"C:\Users\gonza\AppData\Local\Temp\taller_forense_movil\CASO-2026-002\imagen_logica\DCIM\DCIM\Facebook\FB_IMG_1784909826653.jpg","21/08/2026 3:15:45 p. m.","20/08/2026 6:46:48 a. m.","23/08/2026 2:43:59 p. m."
"C:\Users\gonza\AppData\Local\Temp\taller_forense_movil\CASO-2026-002\imagen_logica\DCIM\DCIM\Facebook\FB_IMG_1784909837478.jpg","21/08/2026 3:15:45 p. m.","20/08/2026 6:46:48 a. m.","23/08/2026 2:43:59 p. m."
"C:\Users\gonza\AppData\Local\Temp\taller_forense_movil\CASO-2026-002\imagen_logica\DCIM\DCIM\Facebook\FB_IMG_1784909842425.jpg","21/08/2026 3:15:45 p. m.","20/08/2026 6:46:48 a. m.","23/08/2026 2:43:59 p. m."
"C:\Users\gonza\AppData\Local\Temp\taller_forense_movil\CASO-2026-002\imagen_logica\DCIM\DCIM\Facebook\FB_IMG_1784909861856.jpg","21/08/2026 3:15:45 p. m.","20/08/2026 6:46:48 a. m.","23/08/2026 2:43:59 p. m."
"C:\Users\gonza\AppData\Local\Temp\taller_forense_movil\CASO-2026-002\imagen_logica\DCIM\DCIM\Facebook\FB_IMG_1784909872521.jpg","21/08/2026 3:15:45 p. m.","20/08/2026 6:46:48 a. m.","23/08/2026 2:43:59 p. m."
"C:\Users\gonza\AppData\Local\Temp\taller_forense_movil\CASO-2026-002\imagen_logica\DCIM\DCIM\Facebook\FB_IMG_1784909877962.jpg","21/08/2026 3:15:45 p. m.","20/08/2026 6:46:48 a. m.","23/08/2026 2:43:59 p. m."
"C:\Users\gonza\AppData\Local\Temp\taller_forense_movil\CASO-2026-002\imagen_logica\DCIM\DCIM\Facebook\FB_IMG_1784909881617.jpg","21/08/2026 3:15:45 p. m.","20/08/2026 6:46:48 a. m.","23/08/2026 2:43:59 p. m."
"C:\Users\gonza\AppData\Local\Temp\taller_forense_movil\CASO-2026-002\imagen_logica\DCIM\DCIM\Facebook\FB_IMG_1784909885722.jpg","21/08/2026 3:15:45 p. m.","20/08/2026 6:46:48 a. m.","23/08/2026 2:43:59 p. m."
"C:\Users\gonza\AppData\Local\Temp\taller_forense_movil\CASO-2026-002\imagen_logica\DCIM\DCIM\Facebook\FB_IMG_1784909889377.jpg","21/08/2026 3:15:45 p. m.","20/08/2026 6:46:48 a. m.","23/08/2026 2:43:59 p. m."
"C:\Users\gonza\AppData\Local\Temp\taller_forense_movil\CASO-2026-002\imagen_logica\DCIM\DCIM\Facebook\FB_IMG_1784909892952.jpg","21/08/2026 3:15:45 p. m.","20/08/2026 6:46:48 a. m.","23/08/2026 2:43:59 p. m."
"C:\Users\gonza\AppData\Local\Temp\taller_forense_movil\CASO-2026-002\imagen_logica\DCIM\DCIM\Facebook\FB_IMG_1784909896097.jpg","21/08/2026 3:15:45 p. m.","20/08/2026 6:46:48 a. m.","23/08/2026 2:43:59 p. m."
"C:\Users\gonza\AppData\Local\Temp\taller_forense_movil\CASO-2026-002\imagen_logica\DCIM\DCIM\Facebook\FB_IMG_1784909899717.jpg","21/08/2026 3:15:45 p. m.","20/08/2026 6:46:48 a. m.","23/08/2026 2:43:59 p. m."
"C:\Users\gonza\AppData\Local\Temp\taller_forense_movil\CASO-2026-002\imagen_logica\DCIM\DCIM\Facebook\FB_IMG_1784909902610.jpg","21/08/2026 3:15:45 p. m.","20/08/2026 6:46:48 a. m.","23/08/2026 2:43:59 p. m."
"C:\Users\gonza\AppData\Local\Temp\taller_forense_movil\CASO-2026-002\imagen_logica\DCIM\DCIM\Facebook\FB_IMG_1784909907583.jpg","21/08/2026 3:15:45 p. m.","20/08/2026 6:46:48 a. m.","23/08/2026 2:43:59 p. m."
"C:\Users\gonza\AppData\Local\Temp\taller_forense_movil\CASO-2026-002\imagen_logica\DCIM\DCIM\Facebook\FB_IMG_1784909911212.jpg","21/08/2026 3:15:45 p. m.","20/08/2026 6:46:48 a. m.","23/08/2026 2:43:59 p. m."
"C:\Users\gonza\AppData\Local\Temp\taller_forense_movil\CASO-2026-002\imagen_logica\DCIM\DCIM\Facebook\FB_IMG_1784909918464.jpg","21/08/2026 3:15:45 p. m.","20/08/2026 6:46:48 a. m.","23/08/2026 2:43:59 p. m."
"C:\Users\gonza\AppData\Local\Temp\taller_forense_movil\CASO-2026-002\imagen_logica\DCIM\DCIM\Facebook\FB_IMG_1784909923243.jpg","21/08/2026 3:15:45 p. m.","20/08/2026 6:46:48 a. m.","23/08/2026 2:43:59 p. m."
"C:\Users\gonza\AppData\Local\Temp\taller_forense_movil\CASO-2026-002\imagen_logica\DCIM\DCIM\Facebook\FB_IMG_1784909927746.jpg","21/08/2026 3:15:45 p. m.","20/08/2026 6:46:49 a. m.","23/08/2026 2:43:59 p. m."
"C:\Users\gonza\AppData\Local\Temp\taller_forense_movil\CASO-2026-002\imagen_logica\DCIM\DCIM\Facebook\FB_IMG_1784909930995.jpg","21/08/2026 3:15:45 p. m.","20/08/2026 6:46:49 a. m.","23/08/2026 2:43:59 p. m."
"C:\Users\gonza\AppData\Local\Temp\taller_forense_movil\CASO-2026-002\imagen_logica\DCIM\DCIM\Facebook\FB_IMG_1784909934481.jpg","21/08/2026 3:15:45 p. m.","20/08/2026 6:46:49 a. m.","23/08/2026 2:43:59 p. m."
"C:\Users\gonza\AppData\Local\Temp\taller_forense_movil\CASO-2026-002\imagen_logica\DCIM\DCIM\Facebook\FB_IMG_1784909941043.jpg","21/08/2026 3:15:45 p. m.","20/08/2026 6:46:49 a. m.","23/08/2026 2:43:59 p. m."
"C:\Users\gonza\AppData\Local\Temp\taller_forense_movil\CASO-2026-002\imagen_logica\DCIM\DCIM\Facebook\FB_IMG_1784909945139.jpg","21/08/2026 3:15:45 p. m.","20/08/2026 6:46:49 a. m.","23/08/2026 2:43:59 p. m."
"C:\Users\gonza\AppData\Local\Temp\taller_forense_movil\CASO-2026-002\imagen_logica\DCIM\DCIM\Facebook\FB_IMG_1784909948845.jpg","21/08/2026 3:15:45 p. m.","20/08/2026 6:46:49 a. m.","23/08/2026 2:43:59 p. m."
"C:\Users\gonza\AppData\Local\Temp\taller_forense_movil\CASO-2026-002\imagen_logica\DCIM\DCIM\Facebook\FB_IMG_1784909952858.jpg","21/08/2026 3:15:45 p. m.","20/08/2026 6:46:49 a. m.","23/08/2026 2:43:59 p. m."
"C:\Users\gonza\AppData\Local\Temp\taller_forense_movil\CASO-2026-002\imagen_logica\DCIM\DCIM\Facebook\FB_IMG_1784909975227.jpg","21/08/2026 3:15:45 p. m.","20/08/2026 6:46:49 a. m.","23/08/2026 2:43:59 p. m."
"C:\Users\gonza\AppData\Local\Temp\taller_forense_movil\CASO-2026-002\imagen_logica\DCIM\DCIM\Facebook\FB_IMG_1784909978377.jpg","21/08/2026 3:15:45 p. m.","20/08/2026 6:46:49 a. m.","23/08/2026 2:43:59 p. m."
"C:\Users\gonza\AppData\Local\Temp\taller_forense_movil\CASO-2026-002\imagen_logica\DCIM\DCIM\Facebook\FB_IMG_1784909981774.jpg","21/08/2026 3:15:45 p. m.","20/08/2026 6:46:49 a. m.","23/08/2026 2:43:59 p. m."
"C:\Users\gonza\AppData\Local\Temp\taller_forense_movil\CASO-2026-002\imagen_logica\DCIM\DCIM\Facebook\FB_IMG_1784909986219.jpg","21/08/2026 3:15:45 p. m.","20/08/2026 6:46:49 a. m.","23/08/2026 2:43:59 p. m."
"C:\Users\gonza\AppData\Local\Temp\taller_forense_movil\CASO-2026-002\imagen_logica\DCIM\DCIM\Facebook\FB_IMG_1784910002897.jpg","21/08/2026 3:15:45 p. m.","20/08/2026 6:46:49 a. m.","23/08/2026 2:43:59 p. m."
"C:\Users\gonza\AppData\Local\Temp\taller_forense_movil\CASO-2026-002\imagen_logica\DCIM\DCIM\Facebook\FB_IMG_1784910008261.jpg","21/08/2026 3:15:45 p. m.","20/08/2026 6:46:49 a. m.","23/08/2026 2:43:59 p. m."
"C:\Users\gonza\AppData\Local\Temp\taller_forense_movil\CASO-2026-002\imagen_logica\DCIM\DCIM\Facebook\FB_IMG_1784910011744.jpg","21/08/2026 3:15:45 p. m.","20/08/2026 6:46:49 a. m.","23/08/2026 2:43:59 p. m."
"C:\Users\gonza\AppData\Local\Temp\taller_forense_movil\CASO-2026-002\imagen_logica\DCIM\DCIM\Facebook\FB_IMG_1784910016843.jpg","21/08/2026 3:15:45 p. m.","20/08/2026 6:46:49 a. m.","23/08/2026 2:44:00 p. m."
"C:\Users\gonza\AppData\Local\Temp\taller_forense_movil\CASO-2026-002\imagen_logica\DCIM\DCIM\Facebook\FB_IMG_1784910019973.jpg","21/08/2026 3:15:45 p. m.","20/08/2026 6:46:49 a. m.","23/08/2026 2:44:00 p. m."
"C:\Users\gonza\AppData\Local\Temp\taller_forense_movil\CASO-2026-002\imagen_logica\DCIM\DCIM\Facebook\FB_IMG_1784910034071.jpg","21/08/2026 3:15:45 p. m.","20/08/2026 6:46:49 a. m.","23/08/2026 2:44:00 p. m."
"C:\Users\gonza\AppData\Local\Temp\taller_forense_movil\CASO-2026-002\imagen_logica\DCIM\DCIM\Facebook\FB_IMG_1784910042261.jpg","21/08/2026 3:15:45 p. m.","20/08/2026 6:46:49 a. m.","23/08/2026 2:44:00 p. m."
"C:\Users\gonza\AppData\Local\Temp\taller_forense_movil\CASO-2026-002\imagen_logica\DCIM\DCIM\Facebook\FB_IMG_1784910045776.jpg","21/08/2026 3:15:45 p. m.","20/08/2026 6:46:49 a. m.","23/08/2026 2:44:00 p. m."
"C:\Users\gonza\AppData\Local\Temp\taller_forense_movil\CASO-2026-002\imagen_logica\DCIM\DCIM\Facebook\FB_IMG_1784910053198.jpg","21/08/2026 3:15:45 p. m.","20/08/2026 6:46:49 a. m.","23/08/2026 2:44:00 p. m."
"C:\Users\gonza\AppData\Local\Temp\taller_forense_movil\CASO-2026-002\imagen_logica\DCIM\DCIM\Facebook\FB_IMG_1784910062020.jpg","21/08/2026 3:15:45 p. m.","20/08/2026 6:46:49 a. m.","23/08/2026 2:44:00 p. m."
"C:\Users\gonza\AppData\Local\Temp\taller_forense_movil\CASO-2026-002\imagen_logica\DCIM\DCIM\Facebook\FB_IMG_1784910077035.jpg","21/08/2026 3:15:45 p. m.","20/08/2026 6:46:49 a. m.","23/08/2026 2:44:00 p. m."
"C:\Users\gonza\AppData\Local\Temp\taller_forense_movil\CASO-2026-002\imagen_logica\DCIM\DCIM\Restored\DSC_0231.jpg","21/08/2026 3:15:45 p. m.","20/08/2026 6:46:48 a. m.","23/08/2026 2:44:00 p. m."
"C:\Users\gonza\AppData\Local\Temp\taller_forense_movil\CASO-2026-002\imagen_logica\DCIM\DCIM\Restored\DSC_0774.jpg","21/08/2026 3:15:45 p. m.","20/08/2026 6:46:48 a. m.","23/08/2026 2:44:00 p. m."
